date,temperature,rainfall
2010-01-01,29.5,0.0
2010-01-02,33.4,0.0
2010-01-03,38.6,0.0
2010-01-04,32.2,0.0
2010-01-05,37.2,0.0
2010-01-06,41.2,0.0
2010-01-07,33.8,0.0
2010-01-08,36.5,0.0
2010-01-09,40.1,0.0
2010-01-10,30.3,0.0
2010-01-11,27.2,0.0
2010-01-12,29.0,0.0
2010-01-13,35.4,0.0
2010-01-14,39.3,0.0
2010-01-15,32.0,0.0
2010-01-16,32.0,0.0
2010-01-17,39.6,0.0
2010-01-18,42.6,0.0
2010-01-19,42.3,0.0
2010-01-20,30.2,0.0
2010-01-21,28.2,0.0
2010-01-22,30.3,0.0
2010-01-23,36.6,0.0
2010-01-24,39.0,0.4
2010-01-25,30.4,0.0
2010-01-26,30.9,0.0
2010-01-27,32.6,0.0
2010-01-28,33.2,0.0
2010-01-29,38.1,0.0
2010-01-30,33.0,0.0
2010-01-31,28.4,0.0
2010-02-01,36.9,0.0
2010-02-02,31.6,0.0
2010-02-03,24.3,0.0
2010-02-04,26.8,0.0
2010-02-05,34.1,0.0
2010-02-06,29.5,0.0
2010-02-07,31.0,0.0
2010-02-08,37.8,0.0
2010-02-09,39.8,0.0
2010-02-10,35.5,0.0
2010-02-11,34.4,0.0
2010-02-12,32.6,0.0
2010-02-13,32.0,0.0
2010-02-14,36.2,0.0
2010-02-15,40.8,0.0
2010-02-16,30.8,0.0
2010-02-17,33.4,0.0
2010-02-18,40.1,0.0
2010-02-19,34.8,0.0
2010-02-20,32.3,0.0
2010-02-21,29.1,0.0
2010-02-22,31.6,0.0
2010-02-23,34.0,0.0
2010-02-24,35.8,0.0
2010-02-25,38.4,0.0
2010-02-26,30.0,1.6
2010-02-27,33.4,1.0
2010-02-28,32.7,0.0
2010-03-01,35.7,0.0
2010-03-02,39.1,0.0
2010-03-03,32.9,0.0
2010-03-04,26.6,0.0
2010-03-05,23.0,0.0
2010-03-06,26.2,0.0
2010-03-07,28.6,0.0
2010-03-08,28.1,0.0
2010-03-09,28.0,0.0
2010-03-10,30.4,0.0
2010-03-11,34.7,0.0
2010-03-12,34.9,0.0
2010-03-13,33.5,0.0
2010-03-14,33.0,0.6
2010-03-15,31.0,0.0
2010-03-16,24.4,0.0
2010-03-17,27.0,0.0
2010-03-18,29.7,0.0
2010-03-19,26.3,0.0
2010-03-20,28.5,0.0
2010-03-21,28.9,0.0
2010-03-22,29.8,5.0
2010-03-23,27.9,78.6
2010-03-24,29.6,12.6
2010-03-25,25.6,0.2
2010-03-26,26.3,0.0
2010-03-27,26.0,0.0
2010-03-28,24.0,0.0
2010-03-29,25.1,0.0
2010-03-30,29.4,0.0
2010-03-31,24.8,0.0
2010-04-01,27.7,0.0
2010-04-02,28.6,0.0
2010-04-03,22.8,0.4
2010-04-04,23.0,0.4
2010-04-05,21.8,0.1
2010-04-06,24.2,0.0
2010-04-07,28.2,0.0
2010-04-08,28.2,0.0
2010-04-09,23.9,0.0
2010-04-10,21.6,0.0
2010-04-11,27.2,0.0
2010-04-12,19.8,0.0
2010-04-13,23.4,0.0
2010-04-14,24.3,0.4
2010-04-15,23.1,0.6
2010-04-16,24.0,0.0
2010-04-17,24.0,0.0
2010-04-18,30.0,0.0
2010-04-19,32.0,0.0
2010-04-20,29.0,0.0
2010-04-21,23.7,0.0
2010-04-22,18.6,0.0
2010-04-23,21.6,0.0
2010-04-24,22.1,0.0
2010-04-25,25.8,0.0
2010-04-26,22.6,0.0
2010-04-27,23.4,0.0
2010-04-28,27.2,0.0
2010-04-29,30.3,0.0
2010-04-30,23.7,0.0
2010-05-01,21.4,0.0
2010-05-02,22.7,0.0
2010-05-03,21.8,0.0
2010-05-04,19.3,0.0
2010-05-05,22.6,0.0
2010-05-06,25.2,0.0
2010-05-07,26.9,0.0
2010-05-08,28.8,0.0
2010-05-09,20.8,0.0
2010-05-10,17.0,0.0
2010-05-11,19.8,0.0
2010-05-12,24.8,0.0
2010-05-13,13.4,9.8
2010-05-14,15.0,9.6
2010-05-15,16.3,0.0
2010-05-16,18.5,0.0
2010-05-17,19.7,0.0
2010-05-18,24.1,0.0
2010-05-19,22.8,0.0
2010-05-20,25.2,0.0
2010-05-21,23.6,0.0
2010-05-22,17.2,5.4
2010-05-23,15.9,8.0
2010-05-24,17.2,0.0
2010-05-25,16.8,0.0
2010-05-26,19.8,0.0
2010-05-27,16.7,9.4
2010-05-28,18.6,0.2
2010-05-29,18.3,0.0
2010-05-30,20.6,0.0
2010-05-31,20.0,0.0
2010-06-01,17.2,0.2
2010-06-02,19.0,0.0
2010-06-03,19.6,0.0
2010-06-04,18.9,0.0
2010-06-05,18.5,0.0
2010-06-06,19.9,0.0
2010-06-07,18.3,0.0
2010-06-08,14.2,0.0
2010-06-09,15.1,0.0
2010-06-10,16.3,0.0
2010-06-11,17.9,0.0
2010-06-12,20.1,0.0
2010-06-13,21.6,0.0
2010-06-14,16.4,3.8
2010-06-15,13.2,14.6
2010-06-16,15.8,6.0
2010-06-17,16.2,0.0
2010-06-18,19.3,0.2
2010-06-19,17.7,0.0
2010-06-20,18.0,0.0
2010-06-21,17.6,0.0
2010-06-22,18.3,0.0
2010-06-23,15.1,8.4
2010-06-24,12.9,0.4
2010-06-25,13.2,0.0
2010-06-26,13.9,0.0
2010-06-27,16.0,0.0
2010-06-28,13.4,0.2
2010-06-29,14.3,0.0
2010-06-30,13.2,0.0
2010-07-01,14.2,0.0
2010-07-02,14.0,0.6
2010-07-03,13.0,0.0
2010-07-04,14.0,0.0
2010-07-05,14.0,0.0
2010-07-06,13.6,0.0
2010-07-07,17.0,0.0
2010-07-08,15.6,0.0
2010-07-09,11.8,15.4
2010-07-10,14.4,0.8
2010-07-11,16.4,1.4
2010-07-12,11.9,13.2
2010-07-13,15.7,3.2
2010-07-14,14.8,0.2
2010-07-15,17.0,0.0
2010-07-16,17.8,0.0
2010-07-17,14.5,2.0
2010-07-18,16.0,0.2
2010-07-19,14.3,0.0
2010-07-20,15.6,0.0
2010-07-21,16.6,0.0
2010-07-22,16.4,0.0
2010-07-23,17.8,0.0
2010-07-24,16.6,0.0
2010-07-25,19.4,0.2
2010-07-26,18.4,0.2
2010-07-27,16.4,0.0
2010-07-28,15.2,0.8
2010-07-29,16.4,3.4
2010-07-30,15.2,0.2
2010-07-31,17.0,0.0
2010-08-01,18.8,0.0
2010-08-02,20.2,0.0
2010-08-03,21.4,0.0
2010-08-04,20.2,0.0
2010-08-05,21.2,0.0
2010-08-06,16.2,0.0
2010-08-07,15.8,0.0
2010-08-08,14.0,0.0
2010-08-09,15.8,0.0
2010-08-10,18.1,0.0
2010-08-11,21.1,0.0
2010-08-12,14.6,10.8
2010-08-13,16.5,9.4
2010-08-14,15.8,0.4
2010-08-15,17.5,0.0
2010-08-16,15.6,0.0
2010-08-17,17.6,1.6
2010-08-18,13.1,0.6
2010-08-19,14.4,0.0
2010-08-20,15.8,0.0
2010-08-21,15.5,0.0
2010-08-22,14.8,0.2
2010-08-23,17.6,0.0
2010-08-24,12.8,0.0
2010-08-25,15.2,0.0
2010-08-26,15.2,0.0
2010-08-27,18.3,0.0
2010-08-28,23.9,0.0
2010-08-29,21.2,0.0
2010-08-30,17.4,2.0
2010-08-31,16.7,2.4
2010-09-01,15.8,0.0
2010-09-02,15.8,0.0
2010-09-03,18.0,0.0
2010-09-04,18.1,0.0
2010-09-05,19.9,0.0
2010-09-06,21.0,0.0
2010-09-07,20.0,0.0
2010-09-08,15.4,9.6
2010-09-09,15.9,1.0
2010-09-10,18.3,0.0
2010-09-11,16.2,0.0
2010-09-12,15.0,1.0
2010-09-13,16.2,0.0
2010-09-14,18.2,0.0
2010-09-15,20.0,0.0
2010-09-16,20.6,0.0
2010-09-17,18.4,0.0
2010-09-18,17.1,0.0
2010-09-19,20.3,0.0
2010-09-20,21.5,0.0
2010-09-21,23.2,0.0
2010-09-22,24.6,0.0
2010-09-23,27.0,0.0
2010-09-24,26.3,0.0
2010-09-25,25.9,0.0
2010-09-26,23.4,0.0
2010-09-27,20.6,0.0
2010-09-28,24.3,0.0
2010-09-29,25.8,0.0
2010-09-30,21.8,0.2
2010-10-01,27.3,0.0
2010-10-02,20.8,0.0
2010-10-03,21.9,0.0
2010-10-04,25.1,0.0
2010-10-05,22.8,0.0
2010-10-06,21.4,0.0
2010-10-07,25.3,0.0
2010-10-08,29.4,0.0
2010-10-09,32.6,0.0
2010-10-10,21.4,0.8
2010-10-11,18.2,0.6
2010-10-12,23.4,0.0
2010-10-13,25.8,0.0
2010-10-14,18.8,0.0
2010-10-15,20.8,0.0
2010-10-16,24.6,0.0
2010-10-17,27.4,0.0
2010-10-18,30.7,0.0
2010-10-19,30.4,0.0
2010-10-20,27.2,0.0
2010-10-21,18.0,4.4
2010-10-22,22.2,0.0
2010-10-23,25.1,0.0
2010-10-24,28.6,0.0
2010-10-25,28.9,0.0
2010-10-26,32.2,0.0
2010-10-27,29.2,2.0
2010-10-28,20.2,0.2
2010-10-29,20.6,0.0
2010-10-30,22.2,0.0
2010-10-31,25.3,0.0
2010-11-01,28.2,0.0
2010-11-02,31.2,0.0
2010-11-03,34.0,0.0
2010-11-04,31.7,0.0
2010-11-05,23.5,0.0
2010-11-06,25.5,0.0
2010-11-07,25.8,0.0
2010-11-08,31.2,0.0
2010-11-09,28.5,0.4
2010-11-10,25.0,0.0
2010-11-11,22.0,7.8
2010-11-12,20.0,0.0
2010-11-13,24.5,0.0
2010-11-14,25.0,0.0
2010-11-15,26.3,0.0
2010-11-16,28.6,0.0
2010-11-17,33.2,0.0
2010-11-18,34.6,0.0
2010-11-19,37.0,0.0
2010-11-20,36.2,0.0
2010-11-21,31.9,0.4
2010-11-22,26.9,2.6
2010-11-23,26.6,0.0
2010-11-24,29.1,0.0
2010-11-25,32.0,0.0
2010-11-26,26.0,0.0
2010-11-27,29.3,0.0
2010-11-28,32.3,0.0
2010-11-29,34.3,0.0
2010-11-30,36.2,0.0
2010-12-01,29.5,0.0
2010-12-02,26.6,0.0
2010-12-03,22.5,0.0
2010-12-04,24.5,0.0
2010-12-05,25.0,0.0
2010-12-06,23.6,0.0
2010-12-07,24.2,0.0
2010-12-08,24.6,0.0
2010-12-09,25.2,0.0
2010-12-10,27.1,0.0
2010-12-11,29.6,0.0
2010-12-12,35.4,0.0
2010-12-13,32.3,0.0
2010-12-14,28.2,0.0
2010-12-15,28.1,0.0
2010-12-16,30.4,0.0
2010-12-17,28.5,0.0
2010-12-18,27.7,0.0
2010-12-19,28.6,0.0
2010-12-20,25.2,0.6
2010-12-21,31.4,6.0
2010-12-22,28.6,0.0
2010-12-23,30.2,0.2
2010-12-24,39.0,2.6
2010-12-25,35.5,0.0
2010-12-26,31.0,0.0
2010-12-27,39.5,0.0
2010-12-28,31.3,0.0
2010-12-29,33.2,0.0
2010-12-30,37.0,0.0
2010-12-31,34.0,0.0
2011-01-01,32.3,0.0
2011-01-02,36.8,0.0
2011-01-03,34.4,0.0
2011-01-04,36.6,1.0
2011-01-05,36.6,0.0
2011-01-06,29.2,25.0
2011-01-07,27.0,0.0
2011-01-08,30.2,0.0
2011-01-09,34.1,0.0
2011-01-10,34.1,0.0
2011-01-11,31.3,0.0
2011-01-12,33.8,0.0
2011-01-13,39.2,0.0
2011-01-14,28.5,0.0
2011-01-15,29.5,0.0
2011-01-16,33.0,0.0
2011-01-17,38.0,0.0
2011-01-18,33.2,0.0
2011-01-19,37.6,0.0
2011-01-20,29.1,0.0
2011-01-21,34.3,0.0
2011-01-22,40.5,0.0
2011-01-23,28.0,0.0
2011-01-24,18.4,0.8
2011-01-25,27.0,1.4
2011-01-26,34.2,0.0
2011-01-27,37.1,0.0
2011-01-28,42.1,0.6
2011-01-29,40.4,1.4
2011-01-30,38.5,8.0
2011-01-31,24.3,0.0
2011-02-01,29.3,0.0
2011-02-02,32.9,0.0
2011-02-03,36.2,0.0
2011-02-04,32.0,0.0
2011-02-05,24.2,0.0
2011-02-06,27.0,0.0
2011-02-07,29.0,0.0
2011-02-08,25.3,0.0
2011-02-09,31.7,0.0
2011-02-10,29.6,0.0
2011-02-11,28.0,0.0
2011-02-12,27.0,0.0
2011-02-13,29.8,0.0
2011-02-14,31.1,0.0
2011-02-15,37.0,0.0
2011-02-16,34.0,0.0
2011-02-17,28.9,0.0
2011-02-18,31.5,0.0
2011-02-19,34.1,0.0
2011-02-20,27.5,0.0
2011-02-21,33.3,0.0
2011-02-22,33.1,0.0
2011-02-23,31.8,0.0
2011-02-24,32.8,0.0
2011-02-25,37.8,0.0
2011-02-26,40.0,0.0
2011-02-27,39.2,0.0
2011-02-28,34.7,0.0
2011-03-01,31.0,0.0
2011-03-02,29.7,0.0
2011-03-03,31.0,0.0
2011-03-04,35.2,0.0
2011-03-05,30.9,0.0
2011-03-06,29.0,0.0
2011-03-07,29.6,0.0
2011-03-08,30.6,0.0
2011-03-09,32.7,0.0
2011-03-10,37.0,0.0
2011-03-11,29.4,0.0
2011-03-12,26.0,0.0
2011-03-13,27.5,0.0
2011-03-14,31.3,0.0
2011-03-15,31.4,0.0
2011-03-16,28.6,0.0
2011-03-17,29.2,0.0
2011-03-18,32.3,0.0
2011-03-19,30.4,1.6
2011-03-20,26.8,0.0
2011-03-21,28.2,0.0
2011-03-22,32.8,0.0
2011-03-23,35.3,0.0
2011-03-24,32.0,0.0
2011-03-25,33.6,0.0
2011-03-26,32.5,0.0
2011-03-27,32.3,0.0
2011-03-28,32.4,0.0
2011-03-29,29.4,0.0
2011-03-30,29.2,0.0
2011-03-31,28.6,0.0
2011-04-01,28.0,0.0
2011-04-02,27.1,0.0
2011-04-03,28.2,0.0
2011-04-04,30.6,0.0
2011-04-05,33.2,0.0
2011-04-06,34.6,0.0
2011-04-07,20.7,7.2
2011-04-08,20.6,1.2
2011-04-09,22.5,0.0
2011-04-10,25.0,0.0
2011-04-11,24.9,0.6
2011-04-12,24.6,0.2
2011-04-13,24.0,0.0
2011-04-14,24.2,0.0
2011-04-15,27.2,0.0
2011-04-16,32.0,0.0
2011-04-17,27.5,0.0
2011-04-18,20.6,0.6
2011-04-19,23.0,0.0
2011-04-20,23.4,0.0
2011-04-21,25.5,0.0
2011-04-22,28.8,0.0
2011-04-23,30.3,0.0
2011-04-24,27.0,0.0
2011-04-25,26.5,0.0
2011-04-26,27.3,0.0
2011-04-27,21.6,0.0
2011-04-28,19.8,4.4
2011-04-29,23.3,0.0
2011-04-30,21.8,0.0
2011-05-01,23.2,0.0
2011-05-02,23.1,0.0
2011-05-03,24.2,0.0
2011-05-04,24.2,0.0
2011-05-05,24.3,0.0
2011-05-06,21.0,0.0
2011-05-07,22.2,0.0
2011-05-08,26.3,0.0
2011-05-09,23.9,0.0
2011-05-10,24.0,0.0
2011-05-11,20.3,0.0
2011-05-12,20.9,0.0
2011-05-13,20.1,0.0
2011-05-14,19.7,0.0
2011-05-15,20.2,0.0
2011-05-16,21.6,0.0
2011-05-17,22.6,0.0
2011-05-18,19.0,6.2
2011-05-19,21.1,0.0
2011-05-20,16.6,0.0
2011-05-21,14.6,16.6
2011-05-22,18.3,0.0
2011-05-23,16.0,0.0
2011-05-24,17.9,0.4
2011-05-25,16.4,0.0
2011-05-26,17.3,0.0
2011-05-27,19.5,0.0
2011-05-28,23.1,0.0
2011-05-29,25.5,0.0
2011-05-30,19.8,17.8
2011-05-31,18.6,1.8
2011-06-01,19.4,2.4
2011-06-02,17.0,12.4
2011-06-03,16.0,0.0
2011-06-04,14.4,0.0
2011-06-05,16.1,0.0
2011-06-06,16.5,0.0
2011-06-07,16.0,0.0
2011-06-08,17.1,0.0
2011-06-09,17.9,0.0
2011-06-10,17.1,0.0
2011-06-11,16.7,0.0
2011-06-12,17.8,0.0
2011-06-13,16.0,0.0
2011-06-14,12.2,4.6
2011-06-15,16.2,1.4
2011-06-16,18.0,1.6
2011-06-17,17.6,0.0
2011-06-18,17.5,0.8
2011-06-19,17.4,1.8
2011-06-20,18.7,0.4
2011-06-21,17.6,0.0
2011-06-22,18.0,0.0
2011-06-23,20.5,0.0
2011-06-24,21.4,0.2
2011-06-25,16.7,23.0
2011-06-26,17.2,0.2
2011-06-27,20.6,0.0
2011-06-28,12.9,0.6
2011-06-29,15.2,22.2
2011-06-30,15.2,5.2
2011-07-01,15.3,12.2
2011-07-02,12.9,0.6
2011-07-03,13.0,0.2
2011-07-04,12.9,0.0
2011-07-05,13.8,0.0
2011-07-06,14.6,0.0
2011-07-07,12.2,0.0
2011-07-08,13.9,0.0
2011-07-09,13.9,0.0
2011-07-10,12.1,0.0
2011-07-11,12.1,6.4
2011-07-12,13.2,6.4
2011-07-13,16.4,0.0
2011-07-14,18.2,0.0
2011-07-15,15.9,0.0
2011-07-16,15.4,11.4
2011-07-17,15.0,0.0
2011-07-18,16.0,0.0
2011-07-19,14.0,0.2
2011-07-20,17.0,0.0
2011-07-21,17.3,4.4
2011-07-22,16.0,0.8
2011-07-23,14.5,5.4
2011-07-24,18.6,0.0
2011-07-25,16.0,0.4
2011-07-26,18.1,2.0
2011-07-27,18.7,0.0
2011-07-28,18.2,3.6
2011-07-29,17.3,14.8
2011-07-30,17.9,6.0
2011-07-31,18.3,19.8
2011-08-01,17.9,3.0
2011-08-02,19.0,6.6
2011-08-03,14.1,6.8
2011-08-04,14.4,3.0
2011-08-05,13.6,0.0
2011-08-06,15.8,0.0
2011-08-07,19.2,0.8
2011-08-08,16.4,0.0
2011-08-09,15.4,3.6
2011-08-10,15.7,0.0
2011-08-11,16.8,0.0
2011-08-12,18.0,0.0
2011-08-13,21.1,0.0
2011-08-14,16.8,7.0
2011-08-15,17.9,1.6
2011-08-16,15.2,7.6
2011-08-17,16.1,0.0
2011-08-18,16.4,0.0
2011-08-19,19.5,0.0
2011-08-20,22.0,0.0
2011-08-21,24.5,0.0
2011-08-22,16.7,20.0
2011-08-23,17.7,1.8
2011-08-24,16.4,2.6
2011-08-25,14.8,0.0
2011-08-26,16.4,0.0
2011-08-27,18.0,0.0
2011-08-28,17.8,0.0
2011-08-29,20.4,0.0
2011-08-30,19.6,0.0
2011-08-31,18.2,0.0
2011-09-01,20.4,0.0
2011-09-02,16.0,7.0
2011-09-03,16.2,5.6
2011-09-04,18.0,0.4
2011-09-05,17.2,0.0
2011-09-06,17.0,0.0
2011-09-07,16.0,0.0
2011-09-08,16.9,0.0
2011-09-09,17.9,0.0
2011-09-10,19.0,0.0
2011-09-11,21.6,0.0
2011-09-12,24.8,0.0
2011-09-13,19.2,0.0
2011-09-14,20.6,0.0
2011-09-15,19.6,0.0
2011-09-16,20.3,4.0
2011-09-17,18.5,3.4
2011-09-18,14.4,4.0
2011-09-19,17.3,3.6
2011-09-20,20.6,0.8
2011-09-21,15.1,0.0
2011-09-22,14.9,6.8
2011-09-23,18.8,0.0
2011-09-24,21.2,0.0
2011-09-25,21.1,0.0
2011-09-26,15.7,0.4
2011-09-27,13.2,3.6
2011-09-28,17.3,5.4
2011-09-29,19.8,0.0
2011-09-30,20.0,0.0
2011-10-01,25.0,0.0
2011-10-02,20.5,0.0
2011-10-03,20.6,3.2
2011-10-04,19.4,0.6
2011-10-05,21.4,0.0
2011-10-06,23.2,0.0
2011-10-07,24.8,0.0
2011-10-08,23.8,0.0
2011-10-09,22.4,5.0
2011-10-10,23.4,0.0
2011-10-11,27.1,0.6
2011-10-12,20.8,0.0
2011-10-13,20.0,0.0
2011-10-14,23.5,2.0
2011-10-15,25.5,0.0
2011-10-16,34.3,0.0
2011-10-17,23.2,0.0
2011-10-18,19.8,4.0
2011-10-19,19.2,3.2
2011-10-20,22.6,0.0
2011-10-21,27.7,0.0
2011-10-22,25.4,0.0
2011-10-23,17.7,5.0
2011-10-24,19.0,2.0
2011-10-25,17.2,15.6
2011-10-26,19.6,5.8
2011-10-27,24.0,2.2
2011-10-28,22.3,1.4
2011-10-29,22.0,0.0
2011-10-30,23.2,0.0
2011-10-31,26.4,0.0
2011-11-01,28.4,0.0
2011-11-02,30.6,0.0
2011-11-03,28.4,3.0
2011-11-04,23.2,18.2
2011-11-05,21.9,1.8
2011-11-06,21.7,2.0
2011-11-07,22.9,0.0
2011-11-08,19.4,4.8
2011-11-09,21.3,0.6
2011-11-10,24.8,0.0
2011-11-11,26.8,0.0
2011-11-12,25.6,0.0
2011-11-13,24.9,0.0
2011-11-14,25.4,0.0
2011-11-15,26.2,0.0
2011-11-16,28.2,0.0
2011-11-17,24.6,0.0
2011-11-18,22.5,2.2
2011-11-19,25.1,0.0
2011-11-20,28.4,0.0
2011-11-21,28.0,0.0
2011-11-22,30.2,0.0
2011-11-23,33.2,0.0
2011-11-24,35.2,0.0
2011-11-25,35.0,0.0
2011-11-26,22.0,0.0
2011-11-27,23.4,0.0
2011-11-28,23.2,0.0
2011-11-29,22.0,0.0
2011-11-30,25.4,0.0
2011-12-01,29.2,0.0
2011-12-02,31.0,0.0
2011-12-03,32.4,0.0
2011-12-04,35.3,0.0
2011-12-05,35.3,0.0
2011-12-06,24.2,1.2
2011-12-07,24.0,72.2
2011-12-08,24.4,0.2
2011-12-09,23.5,0.0
2011-12-10,27.5,0.0
2011-12-11,31.5,0.0
2011-12-12,23.7,0.0
2011-12-13,18.2,24.8
2011-12-14,22.0,1.8
2011-12-15,23.1,1.0
2011-12-16,24.9,0.0
2011-12-17,30.4,0.0
2011-12-18,28.1,0.0
2011-12-19,27.2,0.0
2011-12-20,31.6,0.0
2011-12-21,36.6,0.0
2011-12-22,34.1,0.0
2011-12-23,29.0,0.0
2011-12-24,28.9,0.0
2011-12-25,28.9,0.0
2011-12-26,29.6,0.0
2011-12-27,33.0,0.0
2011-12-28,35.3,0.0
2011-12-29,38.2,0.0
2011-12-30,36.0,0.0
2011-12-31,31.2,0.6
2012-01-01,25.5,13.8
2012-01-02,28.2,0.2
2012-01-03,28.1,0.0
2012-01-04,26.0,0.2
2012-01-05,32.8,0.0
2012-01-06,25.5,0.0
2012-01-07,26.0,0.0
2012-01-08,25.4,0.0
2012-01-09,28.8,0.0
2012-01-10,30.7,0.0
2012-01-11,32.2,0.0
2012-01-12,33.0,0.0
2012-01-13,33.2,0.0
2012-01-14,29.6,0.0
2012-01-15,34.8,0.0
2012-01-16,28.0,0.0
2012-01-17,29.2,0.0
2012-01-18,34.9,0.0
2012-01-19,35.6,0.0
2012-01-20,35.4,10.4
2012-01-21,38.7,0.0
2012-01-22,37.7,0.0
2012-01-23,33.4,0.0
2012-01-24,35.4,0.0
2012-01-25,37.3,0.0
2012-01-26,38.7,0.0
2012-01-27,38.5,0.0
2012-01-28,39.5,0.0
2012-01-29,28.0,0.0
2012-01-30,27.7,0.0
2012-01-31,31.6,0.0
2012-02-01,38.8,0.0
2012-02-02,32.2,2.0
2012-02-03,20.1,18.0
2012-02-04,23.1,1.8
2012-02-05,24.4,0.0
2012-02-06,26.7,0.0
2012-02-07,31.0,0.0
2012-02-08,32.1,0.0
2012-02-09,33.6,0.0
2012-02-10,34.4,0.0
2012-02-11,32.8,0.0
2012-02-12,27.0,0.0
2012-02-13,30.2,0.0
2012-02-14,34.1,0.0
2012-02-15,36.6,0.0
2012-02-16,34.8,0.0
2012-02-17,33.4,0.0
2012-02-18,29.2,0.0
2012-02-19,30.8,0.0
2012-02-20,33.7,0.0
2012-02-21,37.2,0.0
2012-02-22,40.3,0.0
2012-02-23,36.3,0.0
2012-02-24,31.549999999999997,0.0
2012-02-25,26.8,0.0
2012-02-26,25.6,0.0
2012-02-27,27.7,0.0
2012-02-28,19.3,0.0
2012-02-29,24.9,8.6
2012-03-01,25.8,0.0
2012-03-02,27.0,0.0
2012-03-03,29.3,0.0
2012-03-04,33.9,0.0
2012-03-05,36.4,0.0
2012-03-06,35.6,0.0
2012-03-07,34.3,0.0
2012-03-08,30.3,0.0
2012-03-09,35.3,0.0
2012-03-10,39.5,0.0
2012-03-11,39.0,0.0
2012-03-12,40.1,0.0
2012-03-13,26.7,0.0
2012-03-14,26.0,0.0
2012-03-15,25.3,0.0
2012-03-16,27.0,0.0
2012-03-17,30.5,0.0
2012-03-18,31.4,0.0
2012-03-19,31.3,0.0
2012-03-20,23.7,0.0
2012-03-21,23.1,0.0
2012-03-22,23.7,0.0
2012-03-23,24.2,0.0
2012-03-24,25.7,0.0
2012-03-25,26.6,6.0
2012-03-26,29.1,0.0
2012-03-27,29.1,0.0
2012-03-28,27.4,0.0
2012-03-29,33.9,0.0
2012-03-30,22.2,0.0
2012-03-31,24.0,0.0
2012-04-01,25.0,0.0
2012-04-02,23.9,0.0
2012-04-03,26.6,0.8
2012-04-04,26.6,0.0
2012-04-05,21.8,2.8
2012-04-06,20.2,0.0
2012-04-07,27.6,0.0
2012-04-08,29.6,0.0
2012-04-09,30.2,0.0
2012-04-10,33.0,0.0
2012-04-11,32.6,0.0
2012-04-12,32.4,0.0
2012-04-13,27.5,0.0
2012-04-14,25.4,0.0
2012-04-15,27.8,0.0
2012-04-16,28.3,0.0
2012-04-17,26.6,0.0
2012-04-18,23.3,0.0
2012-04-19,20.4,0.0
2012-04-20,21.2,0.0
2012-04-21,21.8,0.0
2012-04-22,20.9,0.0
2012-04-23,19.2,0.0
2012-04-24,22.4,0.0
2012-04-25,26.5,0.0
2012-04-26,28.4,0.0
2012-04-27,25.5,0.0
2012-04-28,26.0,0.0
2012-04-29,23.5,1.2
2012-04-30,21.6,1.4
2012-05-01,19.9,0.0
2012-05-02,24.3,0.0
2012-05-03,27.7,0.0
2012-05-04,18.5,4.8
2012-05-05,21.9,22.6
2012-05-06,18.0,0.0
2012-05-07,19.2,0.2
2012-05-08,18.2,4.8
2012-05-09,18.6,0.4
2012-05-10,19.4,0.2
2012-05-11,21.2,0.0
2012-05-12,24.2,0.0
2012-05-13,24.0,0.0
2012-05-14,21.5,0.8
2012-05-15,19.0,0.0
2012-05-16,20.0,0.4
2012-05-17,20.2,0.0
2012-05-18,21.3,0.0
2012-05-19,22.6,0.0
2012-05-20,24.1,0.0
2012-05-21,23.2,0.0
2012-05-22,17.7,0.0
2012-05-23,17.7,0.0
2012-05-24,18.6,0.0
2012-05-25,20.4,0.0
2012-05-26,21.6,0.0
2012-05-27,21.9,0.0
2012-05-28,20.0,0.0
2012-05-29,21.0,0.0
2012-05-30,22.7,0.0
2012-05-31,23.2,0.0
2012-06-01,18.5,1.4
2012-06-02,21.0,0.2
2012-06-03,22.2,0.0
2012-06-04,21.8,0.0
2012-06-05,21.0,0.0
2012-06-06,15.8,0.0
2012-06-07,16.3,12.2
2012-06-08,19.4,15.4
2012-06-09,17.8,0.6
2012-06-10,18.1,2.0
2012-06-11,17.0,6.8
2012-06-12,16.3,3.0
2012-06-13,13.3,11.0
2012-06-14,14.6,0.0
2012-06-15,16.9,2.2
2012-06-16,16.7,0.2
2012-06-17,18.5,0.0
2012-06-18,20.0,0.0
2012-06-19,17.0,2.0
2012-06-20,13.4,8.4
2012-06-21,13.6,3.0
2012-06-22,14.0,0.0
2012-06-23,14.9,0.0
2012-06-24,15.6,0.0
2012-06-25,12.3,0.0
2012-06-26,17.3,0.0
2012-06-27,17.8,1.4
2012-06-28,16.2,0.0
2012-06-29,16.5,0.0
2012-06-30,17.0,0.0
2012-07-01,17.8,0.0
2012-07-02,18.1,0.0
2012-07-03,18.9,0.0
2012-07-04,18.9,0.0
2012-07-05,20.0,0.0
2012-07-06,19.5,0.0
2012-07-07,17.0,0.2
2012-07-08,13.6,0.8
2012-07-09,12.9,0.0
2012-07-10,12.1,2.0
2012-07-11,13.3,1.8
2012-07-12,13.1,0.0
2012-07-13,15.8,0.4
2012-07-14,16.9,0.2
2012-07-15,16.9,0.0
2012-07-16,15.0,1.0
2012-07-17,14.0,1.2
2012-07-18,14.2,0.0
2012-07-19,15.2,0.0
2012-07-20,18.9,0.0
2012-07-21,20.3,0.0
2012-07-22,17.2,0.0
2012-07-23,19.2,0.0
2012-07-24,12.3,2.8
2012-07-25,14.7,0.0
2012-07-26,16.0,0.0
2012-07-27,16.7,0.0
2012-07-28,17.5,0.0
2012-07-29,17.7,0.0
2012-07-30,20.0,0.0
2012-07-31,15.7,0.2
2012-08-01,14.8,3.6
2012-08-02,16.6,1.0
2012-08-03,17.0,1.0
2012-08-04,18.5,2.2
2012-08-05,16.4,0.0
2012-08-06,20.1,0.0
2012-08-07,14.7,10.2
2012-08-08,16.0,0.8
2012-08-09,17.8,0.0
2012-08-10,22.0,0.0
2012-08-11,23.0,0.0
2012-08-12,17.2,0.0
2012-08-13,13.8,11.0
2012-08-14,16.6,0.0
2012-08-15,16.1,0.2
2012-08-16,15.6,0.0
2012-08-17,14.9,0.0
2012-08-18,20.2,0.0
2012-08-19,20.2,0.0
2012-08-20,17.1,0.0
2012-08-21,19.0,0.8
2012-08-22,14.4,1.6
2012-08-23,16.4,0.0
2012-08-24,17.4,0.0
2012-08-25,21.2,0.0
2012-08-26,21.6,0.0
2012-08-27,17.8,0.0
2012-08-28,17.9,1.4
2012-08-29,18.4,1.6
2012-08-30,21.2,0.0
2012-08-31,22.7,0.0
2012-09-01,19.2,3.0
2012-09-02,19.8,0.0
2012-09-03,20.0,0.2
2012-09-04,10.7,18.2
2012-09-05,19.2,9.2
2012-09-06,15.2,2.0
2012-09-07,16.2,0.0
2012-09-08,23.1,0.0
2012-09-09,26.4,0.0
2012-09-10,23.2,0.0
2012-09-11,23.2,0.4
2012-09-12,21.25,0.0
2012-09-13,19.3,0.0
2012-09-14,22.9,0.0
2012-09-15,24.6,0.0
2012-09-16,25.8,0.0
2012-09-17,27.2,0.0
2012-09-18,19.8,1.4
2012-09-19,20.2,0.0
2012-09-20,20.6,0.0
2012-09-21,21.2,0.6
2012-09-22,15.9,6.8
2012-09-23,18.2,0.0
2012-09-24,23.2,0.0
2012-09-25,19.0,3.4
2012-09-26,16.6,4.0
2012-09-27,12.6,8.8
2012-09-28,14.9,4.0
2012-09-29,19.5,0.0
2012-09-30,26.5,0.0
2012-10-01,32.0,0.0
2012-10-02,25.7,0.0
2012-10-03,19.4,0.0
2012-10-04,17.9,0.0
2012-10-05,20.6,0.0
2012-10-06,28.8,0.0
2012-10-07,23.9,0.0
2012-10-08,22.2,1.4
2012-10-09,23.2,0.0
2012-10-10,24.3,0.0
2012-10-11,27.7,0.0
2012-10-12,28.0,0.0
2012-10-13,24.6,0.0
2012-10-14,21.0,1.2
2012-10-15,21.0,0.6
2012-10-16,24.6,0.0
2012-10-17,25.0,0.0
2012-10-18,25.1,0.0
2012-10-19,24.4,0.0
2012-10-20,27.6,0.0
2012-10-21,33.9,0.0
2012-10-22,19.4,0.6
2012-10-23,21.8,0.2
2012-10-24,22.1,0.0
2012-10-25,22.4,0.0
2012-10-26,26.0,0.0
2012-10-27,30.3,0.0
2012-10-28,35.5,0.0
2012-10-29,27.4,0.6
2012-10-30,22.2,0.0
2012-10-31,16.1,0.2
2012-11-01,17.9,3.4
2012-11-02,24.9,0.0
2012-11-03,23.9,0.0
2012-11-04,17.1,8.4
2012-11-05,17.7,12.0
2012-11-06,22.3,0.2
2012-11-07,23.2,0.0
2012-11-08,25.3,0.0
2012-11-09,31.7,0.0
2012-11-10,27.4,0.0
2012-11-11,22.4,0.0
2012-11-12,26.6,0.0
2012-11-13,31.1,0.0
2012-11-14,29.2,0.0
2012-11-15,29.2,0.0
2012-11-16,31.3,0.0
2012-11-17,34.5,0.0
2012-11-18,34.6,0.0
2012-11-19,27.9,0.0
2012-11-20,29.2,0.0
2012-11-21,33.2,0.0
2012-11-22,34.3,0.0
2012-11-23,28.1,0.0
2012-11-24,29.9,0.0
2012-11-25,27.3,0.4
2012-11-26,30.3,0.0
2012-11-27,31.6,0.0
2012-11-28,19.0,1.6
2012-11-29,18.0,11.0
2012-11-30,19.9,1.2
2012-12-01,24.4,0.0
2012-12-02,27.3,0.0
2012-12-03,30.2,0.0
2012-12-04,34.6,0.0
2012-12-05,28.3,0.0
2012-12-06,27.6,0.8
2012-12-07,24.2,0.0
2012-12-08,26.6,0.0
2012-12-09,32.6,0.0
2012-12-10,34.4,0.0
2012-12-11,33.4,0.0
2012-12-12,29.3,0.8
2012-12-13,21.8,6.8
2012-12-14,26.0,0.0
2012-12-15,29.8,0.0
2012-12-16,32.5,0.0
2012-12-17,32.3,0.0
2012-12-18,30.0,0.0
2012-12-19,29.9,0.0
2012-12-20,35.0,0.0
2012-12-21,37.6,0.0
2012-12-22,30.5,0.0
2012-12-23,30.4,0.0
2012-12-24,32.7,0.0
2012-12-25,39.0,0.0
2012-12-26,37.5,0.0
2012-12-27,36.2,0.0
2012-12-28,38.6,0.0
2012-12-29,39.0,5.6
2012-12-30,40.0,0.0
2012-12-31,40.6,0.0
2013-01-01,39.8,0.0
2013-01-02,34.7,0.0
2013-01-03,28.7,0.0
2013-01-04,29.1,0.0
2013-01-05,37.0,0.0
2013-01-06,30.9,0.0
2013-01-07,32.6,7.2
2013-01-08,42.2,0.0
2013-01-09,34.2,0.0
2013-01-10,30.2,0.0
2013-01-11,30.9,0.0
2013-01-12,29.9,0.0
2013-01-13,26.4,0.0
2013-01-14,35.7,3.2
2013-01-15,41.2,0.0
2013-01-16,32.7,0.0
2013-01-17,25.6,0.0
2013-01-18,27.3,0.0
2013-01-19,31.3,0.0
2013-01-20,36.3,0.0
2013-01-21,33.1,0.0
2013-01-22,34.4,0.0
2013-01-23,36.1,0.0
2013-01-24,28.2,0.0
2013-01-25,30.6,0.0
2013-01-26,34.0,0.0
2013-01-27,31.3,0.0
2013-01-28,28.6,0.0
2013-01-29,33.2,0.0
2013-01-30,31.6,0.0
2013-01-31,30.2,0.0
2013-02-01,33.6,0.0
2013-02-02,35.9,0.0
2013-02-03,38.8,0.0
2013-02-04,36.2,0.0
2013-02-05,34.2,0.0
2013-02-06,29.2,0.0
2013-02-07,30.4,0.0
2013-02-08,34.6,0.0
2013-02-09,34.1,0.0
2013-02-10,35.1,0.0
2013-02-11,37.7,0.0
2013-02-12,39.2,0.0
2013-02-13,39.7,0.0
2013-02-14,39.3,0.0
2013-02-15,33.9,0.0
2013-02-16,40.5,0.0
2013-02-17,29.4,0.0
2013-02-18,26.4,0.0
2013-02-19,31.7,0.0
2013-02-20,36.0,0.0
2013-02-21,36.4,0.0
2013-02-22,31.0,0.2
2013-02-23,26.3,0.0
2013-02-24,29.8,0.0
2013-02-25,33.7,0.0
2013-02-26,34.0,0.0
2013-02-27,30.6,0.0
2013-02-28,30.9,0.0
2013-03-01,29.6,0.0
2013-03-02,25.6,0.0
2013-03-03,33.8,0.0
2013-03-04,27.8,0.0
2013-03-05,28.4,0.0
2013-03-06,29.9,0.0
2013-03-07,28.0,0.0
2013-03-08,29.6,0.0
2013-03-09,30.9,0.0
2013-03-10,29.0,0.0
2013-03-11,25.4,1.8
2013-03-12,22.0,0.0
2013-03-13,25.2,0.0
2013-03-14,18.8,0.0
2013-03-15,25.0,41.0
2013-03-16,26.0,0.0
2013-03-17,30.0,0.0
2013-03-18,31.3,0.0
2013-03-19,33.8,0.0
2013-03-20,26.0,0.0
2013-03-21,24.2,0.0
2013-03-22,25.5,0.0
2013-03-23,27.1,0.0
2013-03-24,29.9,0.0
2013-03-25,24.1,0.0
2013-03-26,17.6,16.4
2013-03-27,21.8,0.6
2013-03-28,23.0,0.0
2013-03-29,24.5,0.0
2013-03-30,24.2,0.0
2013-03-31,27.5,0.0
2013-04-01,29.3,0.0
2013-04-02,29.4,0.0
2013-04-03,31.4,0.0
2013-04-04,34.2,0.0
2013-04-05,30.4,0.0
2013-04-06,24.4,0.0
2013-04-07,29.2,0.0
2013-04-08,36.0,0.0
2013-04-09,36.4,0.0
2013-04-10,33.4,0.0
2013-04-11,35.6,0.0
2013-04-12,22.2,3.0
2013-04-13,25.7,0.6
2013-04-14,27.2,0.0
2013-04-15,29.0,0.0
2013-04-16,26.8,0.0
2013-04-17,24.0,0.2
2013-04-18,26.2,0.0
2013-04-19,27.5,0.6
2013-04-20,21.2,0.0
2013-04-21,20.4,0.0
2013-04-22,21.6,1.2
2013-04-23,23.2,0.0
2013-04-24,26.0,0.0
2013-04-25,26.1,0.0
2013-04-26,27.5,0.0
2013-04-27,24.0,0.0
2013-04-28,21.5,0.0
2013-04-29,21.9,0.0
2013-04-30,23.8,0.0
2013-05-01,25.4,0.0
2013-05-02,22.799999999999997,12.4
2013-05-03,20.2,0.6
2013-05-04,20.8,0.0
2013-05-05,22.2,0.0
2013-05-06,24.8,0.0
2013-05-07,24.0,0.0
2013-05-08,20.2,30.6
2013-05-09,19.0,3.4
2013-05-10,17.5,3.8
2013-05-11,17.5,0.4
2013-05-12,18.0,0.0
2013-05-13,17.7,0.0
2013-05-14,19.3,0.0
2013-05-15,19.8,0.0
2013-05-16,22.0,0.0
2013-05-17,19.6,2.8
2013-05-18,18.9,0.0
2013-05-19,19.4,0.0
2013-05-20,15.0,3.4
2013-05-21,18.4,0.8
2013-05-22,19.2,0.0
2013-05-23,18.3,0.0
2013-05-24,19.9,0.0
2013-05-25,21.5,0.0
2013-05-26,23.0,0.2
2013-05-27,22.0,1.2
2013-05-28,18.0,0.0
2013-05-29,17.6,0.0
2013-05-30,12.6,9.0
2013-05-31,13.0,1.2
2013-06-01,13.9,0.4
2013-06-02,13.9,0.6
2013-06-03,17.4,0.0
2013-06-04,17.4,0.0
2013-06-05,16.7,0.2
2013-06-06,18.2,0.2
2013-06-07,19.1,0.0
2013-06-08,19.4,0.0
2013-06-09,20.6,0.0
2013-06-10,15.6,9.6
2013-06-11,15.4,0.0
2013-06-12,15.6,0.0
2013-06-13,17.6,0.0
2013-06-14,16.1,0.0
2013-06-15,13.0,0.0
2013-06-16,16.8,0.0
2013-06-17,15.8,1.6
2013-06-18,17.3,0.0
2013-06-19,15.8,0.2
2013-06-20,17.7,1.0
2013-06-21,16.9,0.0
2013-06-22,19.4,0.0
2013-06-23,17.8,0.0
2013-06-24,19.9,2.0
2013-06-25,16.0,2.2
2013-06-26,16.6,2.2
2013-06-27,17.8,0.0
2013-06-28,19.2,0.0
2013-06-29,19.8,0.0
2013-06-30,20.0,0.0
2013-07-01,19.8,0.0
2013-07-02,19.4,0.0
2013-07-03,15.0,0.2
2013-07-04,14.2,0.2
2013-07-05,14.9,0.0
2013-07-06,14.2,0.0
2013-07-07,14.2,0.0
2013-07-08,15.6,0.0
2013-07-09,17.2,0.0
2013-07-10,15.3,5.2
2013-07-11,16.9,0.4
2013-07-12,16.9,36.0
2013-07-13,17.0,0.2
2013-07-14,18.0,0.0
2013-07-15,19.9,0.0
2013-07-16,15.4,4.4
2013-07-17,11.6,10.0
2013-07-18,13.0,0.0
2013-07-19,13.1,0.0
2013-07-20,12.8,0.0
2013-07-21,11.1,0.0
2013-07-22,15.2,0.0
2013-07-23,20.6,0.0
2013-07-24,16.6,9.8
2013-07-25,17.6,0.0
2013-07-26,15.0,10.8
2013-07-27,16.9,17.0
2013-07-28,17.1,0.8
2013-07-29,16.7,0.0
2013-07-30,17.6,0.4
2013-07-31,19.2,2.0
2013-08-01,18.9,0.4
2013-08-02,18.5,0.4
2013-08-03,17.7,0.0
2013-08-04,21.4,0.0
2013-08-05,20.0,3.4
2013-08-06,19.0,7.0
2013-08-07,20.8,2.0
2013-08-08,16.0,15.4
2013-08-09,16.849999999999998,4.8
2013-08-10,17.7,0.0
2013-08-11,17.2,3.2
2013-08-12,16.8,0.0
2013-08-13,18.0,0.8
2013-08-14,16.0,0.4
2013-08-15,15.9,1.0
2013-08-16,16.55,6.0
2013-08-17,17.2,0.6
2013-08-18,16.6,0.2
2013-08-19,18.1,0.0
2013-08-20,17.8,0.0
2013-08-21,17.0,0.0
2013-08-22,17.9,0.0
2013-08-23,20.8,0.0
2013-08-24,23.0,0.0
2013-08-25,17.7,0.0
2013-08-26,19.0,2.6
2013-08-27,14.0,1.6
2013-08-28,16.7,7.4
2013-08-29,17.3,0.8
2013-08-30,18.9,3.6
2013-08-31,20.2,4.0
2013-09-01,20.6,0.6
2013-09-02,21.3,0.0
2013-09-03,18.9,0.2
2013-09-04,17.0,6.6
2013-09-05,18.0,0.0
2013-09-06,20.0,0.0
2013-09-07,15.6,5.4
2013-09-08,18.5,12.0
2013-09-09,19.6,0.0
2013-09-10,20.3,0.0
2013-09-11,16.3,9.0
2013-09-12,17.6,2.8
2013-09-13,19.2,0.0
2013-09-14,16.8,13.2
2013-09-15,15.3,9.8
2013-09-16,19.4,0.0
2013-09-17,14.6,13.4
2013-09-18,18.1,0.4
2013-09-19,19.3,1.0
2013-09-20,19.6,0.4
2013-09-21,21.5,2.0
2013-09-22,16.1,4.2
2013-09-23,18.0,7.6
2013-09-24,17.8,3.0
2013-09-25,19.0,0.4
2013-09-26,18.9,0.0
2013-09-27,20.0,0.6
2013-09-28,20.8,0.0
2013-09-29,17.9,0.0
2013-09-30,16.0,8.6
2013-10-01,19.9,0.0
2013-10-02,22.8,0.0
2013-10-03,30.7,0.0
2013-10-04,21.8,0.0
2013-10-05,21.7,0.1
2013-10-06,21.9,0.4
2013-10-07,24.6,0.0
2013-10-08,23.0,0.0
2013-10-09,18.3,5.2
2013-10-10,21.0,4.4
2013-10-11,21.0,0.0
2013-10-12,18.6,0.2
2013-10-13,19.4,0.0
2013-10-14,25.0,0.0
2013-10-15,23.7,0.0
2013-10-16,22.6,0.8
2013-10-17,25.6,0.0
2013-10-18,25.2,0.0
2013-10-19,19.8,0.0
2013-10-20,15.0,15.6
2013-10-21,18.6,3.2
2013-10-22,21.4,0.0
2013-10-23,22.6,0.0
2013-10-24,22.2,0.6
2013-10-25,27.0,0.0
2013-10-26,26.1,0.0
2013-10-27,27.2,0.0
2013-10-28,28.2,0.0
2013-10-29,31.6,0.0
2013-10-30,37.0,0.0
2013-10-31,30.2,0.0
2013-11-01,30.6,0.0
2013-11-02,25.6,0.0
2013-11-03,30.4,0.0
2013-11-04,34.4,0.2
2013-11-05,26.6,0.0
2013-11-06,22.4,0.0
2013-11-07,24.0,1.2
2013-11-08,27.0,0.0
2013-11-09,31.0,0.0
2013-11-10,33.2,0.0
2013-11-11,34.4,0.0
2013-11-12,31.1,0.0
2013-11-13,28.8,0.0
2013-11-14,28.8,0.0
2013-11-15,29.9,0.0
2013-11-16,35.9,0.0
2013-11-17,33.5,1.4
2013-11-18,19.6,0.0
2013-11-19,21.8,0.0
2013-11-20,24.6,0.0
2013-11-21,28.8,0.0
2013-11-22,28.7,0.0
2013-11-23,34.0,0.6
2013-11-24,26.6,0.0
2013-11-25,25.4,0.0
2013-11-26,31.0,0.0
2013-11-27,31.2,0.0
2013-11-28,33.2,0.0
2013-11-29,28.0,0.0
2013-11-30,23.0,0.6
2013-12-01,26.0,0.0
2013-12-02,26.7,0.0
2013-12-03,25.1,0.0
2013-12-04,25.2,0.0
2013-12-05,29.2,0.0
2013-12-06,30.6,0.8
2013-12-07,25.5,8.0
2013-12-08,26.2,0.0
2013-12-09,25.8,0.0
2013-12-10,28.8,0.0
2013-12-11,32.0,0.0
2013-12-12,34.4,0.0
2013-12-13,37.0,0.0
2013-12-14,40.7,0.0
2013-12-15,42.5,0.0
2013-12-16,42.6,0.0
2013-12-17,38.7,0.0
2013-12-18,29.4,0.0
2013-12-19,25.3,0.0
2013-12-20,23.9,0.0
2013-12-21,25.6,0.0
2013-12-22,29.0,0.0
2013-12-23,33.3,0.0
2013-12-24,35.4,0.0
2013-12-25,32.3,0.0
2013-12-26,35.9,0.0
2013-12-27,31.2,0.0
2013-12-28,32.0,0.0
2013-12-29,36.8,0.0
2013-12-30,37.8,0.0
2013-12-31,31.4,0.0
2014-01-01,28.0,0.0
2014-01-02,27.7,0.0
2014-01-03,27.8,0.0
2014-01-04,29.4,0.0
2014-01-05,29.8,0.0
2014-01-06,38.8,0.0
2014-01-07,37.7,0.0
2014-01-08,32.9,0.0
2014-01-09,34.8,0.0
2014-01-10,35.7,0.0
2014-01-11,40.0,0.0
2014-01-12,44.4,0.0
2014-01-13,34.4,0.0
2014-01-14,30.2,0.0
2014-01-15,31.2,0.0
2014-01-16,27.3,0.0
2014-01-17,31.0,0.0
2014-01-18,36.0,0.0
2014-01-19,36.5,0.0
2014-01-20,33.7,0.0
2014-01-21,34.8,0.0
2014-01-22,34.3,0.0
2014-01-23,31.4,0.0
2014-01-24,29.3,0.0
2014-01-25,32.4,0.0
2014-01-26,36.7,0.0
2014-01-27,30.8,0.0
2014-01-28,27.8,0.0
2014-01-29,33.2,0.0
2014-01-30,39.2,0.0
2014-01-31,36.7,0.0
2014-02-01,33.4,0.0
2014-02-02,28.8,0.0
2014-02-03,30.8,0.0
2014-02-04,35.4,0.0
2014-02-05,39.4,0.0
2014-02-06,32.2,0.0
2014-02-07,32.5,0.0
2014-02-08,27.6,0.0
2014-02-09,30.0,0.0
2014-02-10,35.6,0.0
2014-02-11,29.3,0.0
2014-02-12,28.4,0.0
2014-02-13,30.8,0.0
2014-02-14,33.8,0.0
2014-02-15,36.1,0.0
2014-02-16,33.8,0.0
2014-02-17,31.8,0.0
2014-02-18,30.8,0.0
2014-02-19,32.3,0.0
2014-02-20,31.9,0.0
2014-02-21,30.0,0.0
2014-02-22,31.4,0.0
2014-02-23,35.0,0.0
2014-02-24,37.6,0.0
2014-02-25,28.0,0.0
2014-02-26,28.2,0.0
2014-02-27,31.6,0.0
2014-02-28,33.2,0.0
2014-03-01,35.9,0.0
2014-03-02,38.0,0.0
2014-03-03,35.4,0.0
2014-03-04,28.8,0.0
2014-03-05,28.4,0.0
2014-03-06,32.6,0.0
2014-03-07,36.8,0.0
2014-03-08,28.9,0.0
2014-03-09,27.2,0.0
2014-03-10,29.9,0.0
2014-03-11,29.9,0.0
2014-03-12,34.3,0.0
2014-03-13,31.4,0.0
2014-03-14,26.3,0.0
2014-03-15,25.6,0.0
2014-03-16,30.0,0.0
2014-03-17,30.4,0.0
2014-03-18,31.0,0.0
2014-03-19,32.9,0.0
2014-03-20,27.7,0.0
2014-03-21,20.9,0.0
2014-03-22,26.2,8.0
2014-03-23,29.3,4.4
2014-03-24,33.8,0.0
2014-03-25,31.0,0.0
2014-03-26,30.2,0.4
2014-03-27,28.7,0.0
2014-03-28,31.0,0.0
2014-03-29,24.8,0.0
2014-03-30,18.9,5.4
2014-03-31,21.2,0.0
2014-04-01,22.0,0.0
2014-04-02,22.8,0.0
2014-04-03,24.6,0.0
2014-04-04,29.0,0.0
2014-04-05,30.0,0.0
2014-04-06,27.2,0.0
2014-04-07,24.2,0.7
2014-04-08,26.0,0.0
2014-04-09,26.9,0.0
2014-04-10,29.0,0.0
2014-04-11,31.0,0.0
2014-04-12,34.2,0.0
2014-04-13,32.2,0.0
2014-04-14,34.0,0.0
2014-04-15,27.2,0.0
2014-04-16,25.4,0.0
2014-04-17,25.0,0.0
2014-04-18,25.5,0.0
2014-04-19,26.2,0.0
2014-04-20,23.7,0.0
2014-04-21,21.2,0.0
2014-04-22,23.7,0.0
2014-04-23,24.0,0.0
2014-04-24,25.6,0.0
2014-04-25,24.1,0.0
2014-04-26,18.5,0.0
2014-04-27,22.4,13.0
2014-04-28,17.6,0.8
2014-04-29,18.2,0.0
2014-04-30,19.1,0.0
2014-05-01,18.7,0.0
2014-05-02,17.7,0.0
2014-05-03,20.8,0.0
2014-05-04,19.2,0.0
2014-05-05,17.1,5.0
2014-05-06,18.8,3.4
2014-05-07,19.7,0.8
2014-05-08,17.1,36.0
2014-05-09,19.8,0.2
2014-05-10,20.4,1.2
2014-05-11,22.0,0.2
2014-05-12,22.3,0.0
2014-05-13,19.6,1.8
2014-05-14,20.0,0.0
2014-05-15,20.7,0.0
2014-05-16,21.8,0.0
2014-05-17,22.0,0.1
2014-05-18,20.1,0.4
2014-05-19,21.0,0.0
2014-05-20,20.3,0.4
2014-05-21,18.8,1.0
2014-05-22,19.0,2.2
2014-05-23,19.0,35.6
2014-05-24,18.0,2.6
2014-05-25,17.8,5.6
2014-05-26,17.9,1.2
2014-05-27,19.9,0.0
2014-05-28,16.2,0.4
2014-05-29,17.4,0.0
2014-05-30,16.5,0.0
2014-05-31,14.2,0.0
2014-06-01,20.2,0.0
2014-06-02,18.8,0.2
2014-06-03,18.8,0.2
2014-06-04,19.9,0.0
2014-06-05,22.2,0.0
2014-06-06,20.8,0.0
2014-06-07,16.9,0.0
2014-06-08,17.2,0.0
2014-06-09,20.2,0.0
2014-06-10,14.9,11.8
2014-06-11,15.9,0.8
2014-06-12,15.6,0.2
2014-06-13,15.7,0.0
2014-06-14,15.1,0.0
2014-06-15,17.0,0.0
2014-06-16,17.9,0.0
2014-06-17,17.4,0.0
2014-06-18,15.2,16.8
2014-06-19,16.8,0.2
2014-06-20,17.6,2.6
2014-06-21,17.6,0.4
2014-06-22,13.9,6.0
2014-06-23,13.4,0.2
2014-06-24,14.8,0.0
2014-06-25,16.6,0.0
2014-06-26,17.2,0.0
2014-06-27,15.8,1.0
2014-06-28,12.0,0.0
2014-06-29,13.0,0.0
2014-06-30,18.6,0.0
2014-07-01,20.0,0.0
2014-07-02,20.0,0.4
2014-07-03,13.0,11.0
2014-07-04,17.9,0.0
2014-07-05,18.8,7.4
2014-07-06,17.2,0.0
2014-07-07,16.0,9.4
2014-07-08,13.2,10.4
2014-07-09,12.0,0.4
2014-07-10,15.2,0.0
2014-07-11,15.6,0.0
2014-07-12,15.2,0.6
2014-07-13,15.8,0.0
2014-07-14,15.9,7.0
2014-07-15,16.9,1.8
2014-07-16,14.2,0.0
2014-07-17,14.6,0.0
2014-07-18,16.8,0.0
2014-07-19,16.6,0.0
2014-07-20,15.3,9.0
2014-07-21,16.0,0.4
2014-07-22,14.0,10.0
2014-07-23,13.7,0.0
2014-07-24,17.0,1.2
2014-07-25,16.4,0.4
2014-07-26,16.0,1.0
2014-07-27,16.8,7.6
2014-07-28,16.6,0.8
2014-07-29,16.8,1.4
2014-07-30,16.4,0.0
2014-07-31,12.8,0.4
2014-08-01,13.9,0.0
2014-08-02,16.2,0.0
2014-08-03,16.2,0.0
2014-08-04,17.8,0.0
2014-08-05,19.4,0.0
2014-08-06,21.3,0.0
2014-08-07,16.0,2.6
2014-08-08,19.4,3.0
2014-08-09,16.0,0.0
2014-08-10,18.9,0.0
2014-08-11,19.1,0.0
2014-08-12,17.6,0.0
2014-08-13,18.4,0.0
2014-08-14,15.8,0.0
2014-08-15,16.8,8.2
2014-08-16,19.8,0.0
2014-08-17,22.2,0.0
2014-08-18,16.0,5.6
2014-08-19,18.0,5.0
2014-08-20,18.1,0.0
2014-08-21,19.6,3.0
2014-08-22,19.7,3.0
2014-08-23,19.2,0.0
2014-08-24,21.2,0.0
2014-08-25,21.8,0.0
2014-08-26,18.0,0.0
2014-08-27,20.6,0.0
2014-08-28,23.3,0.0
2014-08-29,19.0,0.4
2014-08-30,16.4,22.6
2014-08-31,16.4,0.8
2014-09-01,15.8,0.0
2014-09-02,17.6,0.0
2014-09-03,17.8,0.0
2014-09-04,18.3,0.0
2014-09-05,22.0,0.0
2014-09-06,21.0,0.2
2014-09-07,16.8,6.0
2014-09-08,15.3,9.8
2014-09-09,17.2,7.2
2014-09-10,19.2,0.2
2014-09-11,19.3,0.0
2014-09-12,22.5,0.0
2014-09-13,19.5,0.0
2014-09-14,20.6,0.0
2014-09-15,20.6,0.0
2014-09-16,21.2,0.0
2014-09-17,25.4,0.0
2014-09-18,25.3,0.0
2014-09-19,23.5,0.0
2014-09-20,31.0,0.0
2014-09-21,25.0,0.0
2014-09-22,16.0,17.8
2014-09-23,15.2,0.2
2014-09-24,20.0,0.0
2014-09-25,24.1,0.0
2014-09-26,22.0,0.0
2014-09-27,16.2,0.0
2014-09-28,18.8,8.6
2014-09-29,21.0,1.6
2014-09-30,20.6,1.0
2014-10-01,28.7,0.0
2014-10-02,29.1,0.6
2014-10-03,23.5,0.0
2014-10-04,23.8,0.0
2014-10-05,18.0,2.6
2014-10-06,17.9,3.4
2014-10-07,22.6,0.0
2014-10-08,24.0,0.0
2014-10-09,22.2,0.0
2014-10-10,24.5,0.0
2014-10-11,22.5,0.0
2014-10-12,19.1,0.0
2014-10-13,24.6,0.0
2014-10-14,29.4,0.0
2014-10-15,34.0,0.0
2014-10-16,32.6,0.0
2014-10-17,26.9,0.0
2014-10-18,20.9,2.4
2014-10-19,14.7,2.6
2014-10-20,19.7,7.4
2014-10-21,24.3,0.2
2014-10-22,31.4,0.0
2014-10-23,22.9,1.8
2014-10-24,26.6,0.0
2014-10-25,23.0,0.0
2014-10-26,24.3,0.0
2014-10-27,25.5,0.0
2014-10-28,30.0,0.0
2014-10-29,29.4,0.0
2014-10-30,28.3,0.0
2014-10-31,24.1,0.0
2014-11-01,28.0,0.0
2014-11-02,30.0,0.0
2014-11-03,24.4,0.0
2014-11-04,29.4,0.0
2014-11-05,34.0,0.0
2014-11-06,24.7,0.0
2014-11-07,22.4,0.0
2014-11-08,27.5,0.0
2014-11-09,35.6,0.0
2014-11-10,30.8,0.0
2014-11-11,26.6,5.0
2014-11-12,22.0,2.0
2014-11-13,17.8,0.0
2014-11-14,20.2,0.2
2014-11-15,26.0,0.0
2014-11-16,32.0,0.0
2014-11-17,32.4,0.0
2014-11-18,33.3,0.0
2014-11-19,25.9,0.0
2014-11-20,25.4,0.0
2014-11-21,24.3,0.2
2014-11-22,23.8,0.0
2014-11-23,25.2,0.0
2014-11-24,26.4,0.0
2014-11-25,30.9,0.0
2014-11-26,33.8,0.0
2014-11-27,28.8,11.6
2014-11-28,28.6,5.6
2014-11-29,28.4,0.0
2014-11-30,31.1,0.0
2014-12-01,26.3,0.0
2014-12-02,25.3,0.0
2014-12-03,32.2,0.0
2014-12-04,29.4,0.0
2014-12-05,22.2,0.0
2014-12-06,30.5,0.6
2014-12-07,32.2,0.0
2014-12-08,32.1,0.0
2014-12-09,23.1,0.0
2014-12-10,24.1,0.0
2014-12-11,31.8,0.0
2014-12-12,33.1,0.0
2014-12-13,27.2,0.0
2014-12-14,31.0,0.0
2014-12-15,28.2,0.0
2014-12-16,28.3,0.0
2014-12-17,27.6,0.0
2014-12-18,30.6,0.0
2014-12-19,38.0,0.0
2014-12-20,32.8,0.0
2014-12-21,26.7,0.0
2014-12-22,28.0,0.0
2014-12-23,28.3,0.0
2014-12-24,29.8,0.0
2014-12-25,28.0,0.0
2014-12-26,30.5,0.0
2014-12-27,33.5,0.0
2014-12-28,32.7,0.0
2014-12-29,34.9,0.0
2014-12-30,42.9,0.0
2014-12-31,30.6,0.0
2015-01-01,33.0,0.0
2015-01-02,27.8,0.0
2015-01-03,29.0,0.0
2015-01-04,36.2,0.0
2015-01-05,41.6,0.0
2015-01-06,40.4,1.6
2015-01-07,28.4,1.6
2015-01-08,28.4,0.0
2015-01-09,26.0,0.0
2015-01-10,27.0,0.0
2015-01-11,29.8,0.0
2015-01-12,34.1,0.0
2015-01-13,39.1,0.0
2015-01-14,35.8,0.0
2015-01-15,30.6,0.0
2015-01-16,32.0,0.0
2015-01-17,36.5,0.0
2015-01-18,36.9,0.0
2015-01-19,33.7,0.0
2015-01-20,40.6,0.0
2015-01-21,40.6,0.0
2015-01-22,32.2,0.0
2015-01-23,33.1,0.0
2015-01-24,29.1,0.0
2015-01-25,30.3,0.0
2015-01-26,33.2,0.0
2015-01-27,37.2,0.0
2015-01-28,39.2,0.0
2015-01-29,37.7,1.8
2015-01-30,33.2,1.8
2015-01-31,29.8,0.0
2015-02-01,30.0,0.0
2015-02-02,35.0,0.0
2015-02-03,37.9,0.0
2015-02-04,36.7,1.8
2015-02-05,36.4,0.0
2015-02-06,32.5,0.0
2015-02-07,33.1,0.0
2015-02-08,40.7,0.0
2015-02-09,39.9,0.0
2015-02-10,39.4,0.0
2015-02-11,34.3,0.0
2015-02-12,32.0,0.0
2015-02-13,34.2,0.0
2015-02-14,27.0,0.0
2015-02-15,28.4,0.0
2015-02-16,33.4,0.0
2015-02-17,35.1,0.0
2015-02-18,37.9,0.0
2015-02-19,33.2,0.0
2015-02-20,31.6,0.0
2015-02-21,30.1,0.0
2015-02-22,26.6,0.0
2015-02-23,30.4,0.0
2015-02-24,40.9,0.0
2015-02-25,40.8,3.8
2015-02-26,36.9,0.0
2015-02-27,29.0,0.0
2015-02-28,27.9,0.0
2015-03-01,30.5,0.0
2015-03-02,22.7,0.0
2015-03-03,28.3,0.0
2015-03-04,29.6,0.0
2015-03-05,29.1,0.0
2015-03-06,30.6,0.0
2015-03-07,31.0,0.0
2015-03-08,30.6,0.0
2015-03-09,32.1,0.0
2015-03-10,32.6,0.0
2015-03-11,32.6,0.0
2015-03-12,38.0,0.0
2015-03-13,35.8,0.0
2015-03-14,32.0,2.4
2015-03-15,26.8,13.0
2015-03-16,26.9,1.4
2015-03-17,28.8,0.0
2015-03-18,25.1,2.2
2015-03-19,24.4,0.0
2015-03-20,29.0,0.0
2015-03-21,29.5,0.0
2015-03-22,21.6,0.0
2015-03-23,21.1,0.0
2015-03-24,25.0,0.0
2015-03-25,25.0,0.0
2015-03-26,28.4,0.0
2015-03-27,23.2,7.2
2015-03-28,27.5,0.0
2015-03-29,29.8,0.0
2015-03-30,30.3,0.0
2015-03-31,26.8,0.0
2015-04-01,26.1,0.0
2015-04-02,25.4,0.0
2015-04-03,26.45,0.0
2015-04-04,27.5,0.0
2015-04-05,26.9,0.0
2015-04-06,22.7,0.0
2015-04-07,20.4,3.2
2015-04-08,19.9,6.4
2015-04-09,22.6,0.2
2015-04-10,24.8,21.6
2015-04-11,22.3,0.2
2015-04-12,22.6,1.0
2015-04-13,20.4,0.4
2015-04-14,21.6,0.0
2015-04-15,21.7,1.6
2015-04-16,20.4,0.0
2015-04-17,24.0,0.0
2015-04-18,25.2,0.0
2015-04-19,25.8,0.0
2015-04-20,25.4,0.0
2015-04-21,26.2,0.0
2015-04-22,26.7,0.0
2015-04-23,21.6,0.0
2015-04-24,17.5,0.0
2015-04-25,20.0,0.0
2015-04-26,21.5,0.0
2015-04-27,22.6,0.0
2015-04-28,23.6,0.0
2015-04-29,24.8,0.0
2015-04-30,28.2,0.4
2015-05-01,19.9,0.0
2015-05-02,23.0,0.0
2015-05-03,21.0,0.0
2015-05-04,15.1,4.4
2015-05-05,16.0,0.0
2015-05-06,19.2,0.0
2015-05-07,20.7,0.0
2015-05-08,22.0,0.0
2015-05-09,20.8,0.0
2015-05-10,22.2,0.0
2015-05-11,20.2,0.0
2015-05-12,20.3,0.0
2015-05-13,20.4,0.0
2015-05-14,23.1,0.0
2015-05-15,23.2,0.0
2015-05-16,17.0,0.0
2015-05-17,16.3,11.0
2015-05-18,19.1,13.0
2015-05-19,13.3,0.2
2015-05-20,13.6,0.6
2015-05-21,16.9,0.0
2015-05-22,19.0,0.6
2015-05-23,21.0,0.0
2015-05-24,18.6,0.0
2015-05-25,20.6,0.0
2015-05-26,18.2,0.0
2015-05-27,15.6,0.2
2015-05-28,16.4,0.0
2015-05-29,19.0,0.0
2015-05-30,19.8,0.0
2015-05-31,20.6,0.0
2015-06-01,18.8,0.0
2015-06-02,18.1,1.4
2015-06-03,20.3,1.4
2015-06-04,21.3,0.6
2015-06-05,22.8,0.0
2015-06-06,20.1,0.0
2015-06-07,19.0,0.4
2015-06-08,18.4,0.0
2015-06-09,19.6,0.0
2015-06-10,20.8,0.0
2015-06-11,23.0,0.0
2015-06-12,20.7,0.0
2015-06-13,17.0,0.0
2015-06-14,17.1,0.0
2015-06-15,17.2,0.0
2015-06-16,18.4,0.0
2015-06-17,15.6,0.0
2015-06-18,16.1,2.2
2015-06-19,20.3,14.0
2015-06-20,20.0,2.4
2015-06-21,16.0,14.0
2015-06-22,13.0,2.2
2015-06-23,14.1,0.0
2015-06-24,16.1,0.0
2015-06-25,16.8,0.0
2015-06-26,16.3,0.2
2015-06-27,15.6,1.2
2015-06-28,17.2,0.0
2015-06-29,19.6,0.0
2015-06-30,20.5,0.0
2015-07-01,18.8,0.0
2015-07-02,16.8,0.6
2015-07-03,19.5,1.8
2015-07-04,18.5,0.4
2015-07-05,16.4,0.4
2015-07-06,16.6,2.2
2015-07-07,15.2,0.6
2015-07-08,12.4,4.0
2015-07-09,12.4,0.0
2015-07-10,15.4,0.0
2015-07-11,15.0,0.0
2015-07-12,14.4,0.0
2015-07-13,15.6,0.0
2015-07-14,15.2,0.0
2015-07-15,14.0,0.0
2015-07-16,15.6,0.0
2015-07-17,18.0,0.0
2015-07-18,18.1,0.0
2015-07-19,17.8,0.0
2015-07-20,18.4,18.2
2015-07-21,14.0,2.6
2015-07-22,15.6,0.0
2015-07-23,14.4,2.4
2015-07-24,15.6,0.0
2015-07-25,15.5,0.0
2015-07-26,14.8,0.0
2015-07-27,18.8,0.0
2015-07-28,12.6,0.0
2015-07-29,15.7,1.4
2015-07-30,17.1,0.2
2015-07-31,17.6,8.4
2015-08-01,13.0,22.4
2015-08-02,14.4,0.0
2015-08-03,17.0,0.0
2015-08-04,16.0,0.0
2015-08-05,14.8,0.0
2015-08-06,15.4,0.0
2015-08-07,14.9,2.2
2015-08-08,12.4,6.8
2015-08-09,13.2,5.2
2015-08-10,17.4,0.4
2015-08-11,15.6,1.4
2015-08-12,13.2,0.0
2015-08-13,16.4,0.0
2015-08-14,20.0,0.0
2015-08-15,23.9,0.0
2015-08-16,24.4,0.0
2015-08-17,20.8,10.8
2015-08-18,19.4,3.6
2015-08-19,18.4,1.2
2015-08-20,15.8,6.6
2015-08-21,14.0,0.4
2015-08-22,15.3,5.0
2015-08-23,15.4,0.4
2015-08-24,16.0,1.2
2015-08-25,15.6,0.0
2015-08-26,18.4,0.0
2015-08-27,21.4,0.0
2015-08-28,20.5,0.0
2015-08-29,21.1,0.2
2015-08-30,17.0,3.0
2015-08-31,15.6,0.0
2015-09-01,13.4,3.2
2015-09-02,12.9,0.0
2015-09-03,18.2,0.0
2015-09-04,20.3,0.0
2015-09-05,17.9,0.4
2015-09-06,16.6,0.0
2015-09-07,21.4,0.0
2015-09-08,24.0,0.0
2015-09-09,23.2,0.0
2015-09-10,22.4,0.0
2015-09-11,20.9,2.8
2015-09-12,14.9,9.4
2015-09-13,17.3,0.8
2015-09-14,18.2,0.0
2015-09-15,14.6,0.4
2015-09-16,17.6,0.0
2015-09-17,23.6,0.0
2015-09-18,21.4,0.0
2015-09-19,19.2,0.0
2015-09-20,17.2,0.0
2015-09-21,20.2,0.0
2015-09-22,23.1,0.0
2015-09-23,27.2,0.0
2015-09-24,32.0,0.0
2015-09-25,25.0,0.0
2015-09-26,22.8,0.0
2015-09-27,21.0,0.0
2015-09-28,28.2,0.0
2015-09-29,24.2,0.0
2015-09-30,26.4,0.0
2015-10-01,33.4,0.0
2015-10-02,28.6,0.0
2015-10-03,26.4,0.0
2015-10-04,26.8,0.0
2015-10-05,19.6,0.0
2015-10-06,19.6,0.0
2015-10-07,24.6,0.0
2015-10-08,31.4,0.0
2015-10-09,35.4,0.0
2015-10-10,34.2,0.0
2015-10-11,28.8,0.6
2015-10-12,34.0,0.0
2015-10-13,33.4,0.0
2015-10-14,20.8,0.0
2015-10-15,20.2,2.8
2015-10-16,24.0,0.0
2015-10-17,32.0,0.0
2015-10-18,28.8,0.0
2015-10-19,21.8,1.6
2015-10-20,28.4,0.0
2015-10-21,33.4,0.0
2015-10-22,34.8,0.0
2015-10-23,25.2,0.0
2015-10-24,24.5,0.0
2015-10-25,23.6,0.0
2015-10-26,25.2,0.0
2015-10-27,26.4,0.0
2015-10-28,27.6,6.8
2015-10-29,30.8,0.0
2015-10-30,30.2,0.0
2015-10-31,27.9,9.2
2015-11-01,25.6,0.0
2015-11-02,24.0,6.6
2015-11-03,27.4,0.0
2015-11-04,29.8,0.0
2015-11-05,28.4,0.0
2015-11-06,27.4,0.2
2015-11-07,24.8,0.0
2015-11-08,30.0,0.0
2015-11-09,28.6,0.0
2015-11-10,31.0,0.0
2015-11-11,34.2,0.0
2015-11-12,33.6,0.0
2015-11-13,35.6,0.0
2015-11-14,37.6,0.0
2015-11-15,35.6,2.2
2015-11-16,33.8,0.0
2015-11-17,32.0,0.0
2015-11-18,21.4,0.0
2015-11-19,23.2,0.0
2015-11-20,27.4,0.0
2015-11-21,32.9,0.0
2015-11-22,38.4,0.0
2015-11-23,35.4,0.0
2015-11-24,27.8,0.0
2015-11-25,25.8,0.0
2015-11-26,28.0,0.0
2015-11-27,33.6,0.0
2015-11-28,30.6,0.0
2015-11-29,29.6,0.0
2015-11-30,25.4,0.0
2015-12-01,26.8,0.0
2015-12-02,33.0,0.0
2015-12-03,32.8,0.2
2015-12-04,26.4,0.0
2015-12-05,17.4,11.4
2015-12-06,23.6,15.4
2015-12-07,23.8,2.0
2015-12-08,28.4,0.0
2015-12-09,29.2,0.0
2015-12-10,27.8,0.0
2015-12-11,30.6,0.0
2015-12-12,34.8,0.0
2015-12-13,30.4,0.0
2015-12-14,31.8,0.0
2015-12-15,37.2,0.0
2015-12-16,32.6,0.0
2015-12-17,30.0,0.0
2015-12-18,32.4,0.0
2015-12-19,30.299999999999997,0.0
2015-12-20,28.2,0.0
2015-12-21,35.4,0.0
2015-12-22,37.0,0.0
2015-12-23,39.2,0.0
2015-12-24,32.0,0.0
2015-12-25,26.2,0.0
2015-12-26,31.1,0.0
2015-12-27,36.0,0.0
2015-12-28,40.2,0.0
2015-12-29,41.4,0.0
2015-12-30,29.2,0.0
2015-12-31,27.6,0.0
2016-01-01,29.4,0.0
2016-01-02,32.8,0.0
2016-01-03,34.4,0.0
2016-01-04,35.8,0.0
2016-01-05,38.4,0.0
2016-01-06,37.0,0.0
2016-01-07,37.8,0.0
2016-01-08,30.6,0.0
2016-01-09,37.8,1.8
2016-01-10,33.4,1.4
2016-01-11,32.6,0.0
2016-01-12,28.2,0.0
2016-01-13,27.4,0.0
2016-01-14,30.5,0.0
2016-01-15,33.6,0.0
2016-01-16,37.0,0.0
2016-01-17,35.0,0.0
2016-01-18,24.4,1.2
2016-01-19,22.4,11.4
2016-01-20,25.4,4.4
2016-01-21,24.6,0.0
2016-01-22,28.6,0.0
2016-01-23,32.8,0.0
2016-01-24,32.4,0.6
2016-01-25,24.4,6.6
2016-01-26,30.2,2.4
2016-01-27,30.0,0.0
2016-01-28,29.8,0.0
2016-01-29,32.2,0.0
2016-01-30,27.4,0.0
2016-01-31,26.4,14.4
2016-02-01,26.1,0.4
2016-02-02,25.8,0.0
2016-02-03,28.8,0.0
2016-02-04,31.4,0.0
2016-02-05,35.3,0.0
2016-02-06,36.5,0.0
2016-02-07,36.8,0.0
2016-02-08,39.0,0.0
2016-02-09,41.6,0.0
2016-02-10,42.2,0.0
2016-02-11,43.2,0.0
2016-02-12,34.3,0.0
2016-02-13,27.7,0.0
2016-02-14,28.0,0.0
2016-02-15,30.0,0.0
2016-02-16,35.4,0.0
2016-02-17,38.8,0.0
2016-02-18,28.0,0.0
2016-02-19,25.9,0.0
2016-02-20,31.0,0.0
2016-02-21,32.0,0.0
2016-02-22,25.8,4.0
2016-02-23,25.2,0.0
2016-02-24,24.2,0.0
2016-02-25,26.4,0.0
2016-02-26,35.1,0.0
2016-02-27,39.0,0.0
2016-02-28,34.2,0.0
2016-02-29,30.8,0.0
2016-03-01,28.0,0.0
2016-03-02,32.8,0.0
2016-03-03,35.2,0.0
2016-03-04,27.5,0.0
2016-03-05,26.8,0.0
2016-03-06,28.0,0.0
2016-03-07,29.6,0.0
2016-03-08,32.4,0.0
2016-03-09,35.6,0.0
2016-03-10,34.4,0.0
2016-03-11,30.8,0.0
2016-03-12,34.4,0.0
2016-03-13,35.4,0.0
2016-03-14,36.4,0.0
2016-03-15,35.2,0.0
2016-03-16,25.2,2.2
2016-03-17,24.4,0.0
2016-03-18,25.0,0.0
2016-03-19,25.0,0.0
2016-03-20,30.0,0.0
2016-03-21,32.4,0.0
2016-03-22,22.0,0.0
2016-03-23,17.8,1.0
2016-03-24,23.9,1.0
2016-03-25,30.0,0.0
2016-03-26,22.4,5.6
2016-03-27,22.299999999999997,27.0
2016-03-28,22.2,0.2
2016-03-29,26.4,0.0
2016-03-30,27.8,0.0
2016-03-31,29.2,0.0
2016-04-01,28.549999999999997,0.0
2016-04-02,27.9,0.0
2016-04-03,31.8,0.0
2016-04-04,26.8,0.0
2016-04-05,24.0,0.0
2016-04-06,21.2,0.0
2016-04-07,22.6,0.0
2016-04-08,24.1,0.0
2016-04-09,22.9,0.0
2016-04-10,22.8,0.0
2016-04-11,18.2,5.6
2016-04-12,22.4,26.8
2016-04-13,21.933333333333334,5.0
2016-04-14,21.466666666666665,0.0
2016-04-15,21.0,0.0
2016-04-16,27.5,0.0
2016-04-17,26.075,1.2
2016-04-18,24.65,0.0
2016-04-19,23.225,0.0
2016-04-20,21.8,0.0
2016-04-21,22.4,0.0
2016-04-22,23.0,0.0
2016-04-23,24.5,0.0
2016-04-24,27.3,0.0
2016-04-25,20.4,0.2
2016-04-26,19.0,16.8
2016-04-27,16.0,1.2
2016-04-28,18.8,0.2
2016-04-29,19.5,1.2
2016-04-30,15.9,2.0
2016-05-01,16.0,0.0
2016-05-02,20.2,0.0
2016-05-03,18.4,0.0
2016-05-04,21.8,0.2
2016-05-05,18.4,0.0
2016-05-06,18.9,4.0
2016-05-07,18.9,8.0
2016-05-08,14.8,2.2
2016-05-09,19.6,0.0
2016-05-10,20.6,0.0
2016-05-11,22.4,0.0
2016-05-12,24.4,0.0
2016-05-13,21.9,0.4
2016-05-14,21.0,0.8
2016-05-15,20.0,0.0
2016-05-16,18.4,0.0
2016-05-17,20.6,0.0
2016-05-18,20.0,0.0
2016-05-19,20.25,0.0
2016-05-20,20.5,4.0
2016-05-21,15.0,10.4
2016-05-22,17.0,12.2
2016-05-23,17.8,0.4
2016-05-24,16.8,8.6
2016-05-25,17.0,0.4
2016-05-26,16.6,1.0
2016-05-27,17.5,0.0
2016-05-28,16.3,2.6
2016-05-29,15.2,5.2
2016-05-30,15.4,7.8
2016-05-31,17.2,0.0
2016-06-01,18.0,0.0
2016-06-02,18.5,0.0
2016-06-03,20.0,0.0
2016-06-04,15.8,2.0
2016-06-05,16.0,0.0
2016-06-06,15.7,0.0
2016-06-07,15.4,3.7
2016-06-08,11.8,7.4
2016-06-09,14.0,0.0
2016-06-10,18.0,0.8
2016-06-11,18.266666666666666,0.8
2016-06-12,18.533333333333335,0.8
2016-06-13,18.8,0.8
2016-06-14,17.6,0.8
2016-06-15,13.2,0.4
2016-06-16,15.2,0.0
2016-06-17,14.8,0.0
2016-06-18,16.0,0.0
2016-06-19,17.2,0.0
2016-06-20,14.8,2.2
2016-06-21,13.4,2.0
2016-06-22,15.8,0.2
2016-06-23,15.4,0.4
2016-06-24,15.0,0.0
2016-06-25,15.0,0.5
2016-06-26,15.0,1.0
2016-06-27,14.6,0.0
2016-06-28,15.2,0.0
2016-06-29,16.8,13.2
2016-06-30,16.2,0.0
2016-07-01,15.8,0.0
2016-07-02,15.440000000000001,0.0
2016-07-03,15.08,0.0
2016-07-04,14.72,0.0
2016-07-05,14.36,0.0
2016-07-06,14.0,0.0
2016-07-07,13.733333333333333,0.0
2016-07-08,13.466666666666667,7.8
2016-07-09,13.2,3.7
2016-07-10,14.0,1.2
2016-07-11,12.8,0.0
2016-07-12,11.6,0.0
2016-07-13,13.2,0.0
2016-07-14,15.1,0.0
2016-07-15,17.0,0.0
2016-07-16,17.8,4.0
2016-07-17,15.6,20.4
2016-07-18,15.1,0.0
2016-07-19,14.6,0.0
2016-07-20,15.0,0.0
2016-07-21,12.6,5.4
2016-07-22,12.8,1.8
2016-07-23,14.4,0.0
2016-07-24,12.8,0.4
2016-07-25,13.666666666666668,0.0
2016-07-26,14.533333333333333,0.0
2016-07-27,15.4,0.0
2016-07-28,19.2,0.0
2016-07-29,20.0,0.0
2016-07-30,17.4,1.0
2016-07-31,16.4,2.8
2016-08-01,15.4,0.6
2016-08-02,14.4,0.0
2016-08-03,14.4,0.0
2016-08-04,14.0,3.0
2016-08-05,13.6,7.8
2016-08-06,15.4,0.0
2016-08-07,15.2,1.8
2016-08-08,13.2,8.2
2016-08-09,12.6,2.2
2016-08-10,15.0,1.8
2016-08-11,16.2,0.0
2016-08-12,15.4,0.4
2016-08-13,16.0,0.0
2016-08-14,19.4,0.0
2016-08-15,17.9,0.0
2016-08-16,16.4,0.0
2016-08-17,15.2,0.4
2016-08-18,13.0,13.0
2016-08-19,13.6,0.0
2016-08-20,15.4,0.8
2016-08-21,14.6,0.0
2016-08-22,13.2,1.4
2016-08-23,13.4,0.0
2016-08-24,14.2,0.0
2016-08-25,15.4,0.0
2016-08-26,16.8,0.0
2016-08-27,15.0,15.4
2016-08-28,14.6,1.4
2016-08-29,15.5,1.0
2016-08-30,16.4,0.0
2016-08-31,14.8,0.2
2016-09-01,15.8,3.0
2016-09-02,16.2,0.0
2016-09-03,15.8,0.0
2016-09-04,20.6,0.0
2016-09-05,21.8,0.0
2016-09-06,23.0,0.0
2016-09-07,15.2,3.6
2016-09-08,15.8,4.6
2016-09-09,15.6,0.0
2016-09-10,18.0,0.8
2016-09-11,12.8,2.2
2016-09-12,14.8,0.4
2016-09-13,14.0,0.0
2016-09-14,15.2,0.0
2016-09-15,17.4,0.0
2016-09-16,15.2,5.0
2016-09-17,16.2,0.0
2016-09-18,16.2,0.0
2016-09-19,15.0,7.6
2016-09-20,17.6,0.0
2016-09-21,21.8,0.0
2016-09-22,17.4,0.0
2016-09-23,12.8,6.8
2016-09-24,14.6,1.2
2016-09-25,15.8,0.8
2016-09-26,16.8,0.0
2016-09-27,17.6,3.2
2016-09-28,13.8,4.8
2016-09-29,17.6,0.0
2016-09-30,16.8,0.0
2016-10-01,14.2,1.4
2016-10-02,15.8,1.6
2016-10-03,18.200000000000003,0.0
2016-10-04,20.6,1.2
2016-10-05,23.8,0.0
2016-10-06,21.4,0.0
2016-10-07,25.0,0.0
2016-10-08,17.6,4.2
2016-10-09,16.8,1.8
2016-10-10,20.3,0.0
2016-10-11,23.8,0.0
2016-10-12,30.0,0.0
2016-10-13,29.6,0.0
2016-10-14,20.0,0.0
2016-10-15,16.6,1.8
2016-10-16,19.0,2.2
2016-10-17,19.6,0.0
2016-10-18,21.0,0.0
2016-10-19,19.8,0.0
2016-10-20,17.4,0.0
2016-10-21,19.8,0.0
2016-10-22,26.2,0.0
2016-10-23,32.8,0.0
2016-10-24,26.9,0.0
2016-10-25,21.0,0.0
2016-10-26,22.733333333333334,0.0
2016-10-27,24.466666666666665,0.0
2016-10-28,26.2,0.0
2016-10-29,20.2,0.6
2016-10-30,20.6,0.0
2016-10-31,24.4,0.0
2016-11-01,25.4,0.0
2016-11-02,30.6,0.0
2016-11-03,29.4,0.0
2016-11-04,28.8,0.0
2016-11-05,36.2,0.0
2016-11-06,29.4,0.0
2016-11-07,28.0,0.0
2016-11-08,26.6,0.0
2016-11-09,20.2,0.0
2016-11-10,21.799999999999997,0.0
2016-11-11,23.4,0.0
2016-11-12,24.6,0.0
2016-11-13,29.0,0.0
2016-11-14,33.8,0.0
2016-11-15,29.099999999999998,0.0
2016-11-16,24.4,0.0
2016-11-17,27.1,6.8
2016-11-18,29.8,0.0
2016-11-19,33.4,1.6
2016-11-20,24.2,0.0
2016-11-21,23.8,0.0
2016-11-22,28.0,0.0
2016-11-23,31.0,0.0
2016-11-24,31.6,0.0
2016-11-25,33.6,0.0
2016-11-26,36.2,0.0
2016-11-27,36.0,0.0
2016-11-28,34.0,0.0
2016-11-29,26.8,0.0
2016-11-30,29.4,0.0
2016-12-01,27.0,0.0
2016-12-02,29.8,0.0
2016-12-03,25.6,0.0
2016-12-04,27.6,0.0
2016-12-05,29.6,0.0
2016-12-06,27.8,0.0
2016-12-07,26.0,0.0
2016-12-08,30.4,0.0
2016-12-09,35.0,0.0
2016-12-10,40.4,0.0
2016-12-11,33.8,0.0
2016-12-12,27.2,15.4
2016-12-13,25.6,11.4
2016-12-14,27.2,0.0
2016-12-15,32.2,0.0
2016-12-16,27.4,0.0
2016-12-17,30.2,0.0
2016-12-18,31.0,0.0
2016-12-19,31.0,0.0
2016-12-20,31.0,0.0
2016-12-21,38.4,0.0
2016-12-22,33.0,0.0
2016-12-23,36.0,0.0
2016-12-24,36.2,0.0
2016-12-25,29.2,0.0
2016-12-26,33.2,0.0
2016-12-27,22.4,1.8
2016-12-28,24.4,0.0
2016-12-29,28.6,0.0
2016-12-30,28.2,0.0
2016-12-31,26.8,0.0
2017-01-01,30.4,0.0
2017-01-02,34.099999999999994,0.0
2017-01-03,37.8,0.0
2017-01-04,42.4,0.0
2017-01-05,33.8,0.0
2017-01-06,25.2,0.0
2017-01-07,30.0,0.0
2017-01-08,32.2,0.0
2017-01-09,34.6,0.0
2017-01-10,37.7,0.0
2017-01-11,40.8,0.0
2017-01-12,34.9,0.0
2017-01-13,29.0,0.0
2017-01-14,36.0,0.0
2017-01-15,40.4,0.0
2017-01-16,31.6,0.0
2017-01-17,28.2,0.0
2017-01-18,31.4,0.0
2017-01-19,28.0,0.0
2017-01-20,30.6,0.0
2017-01-21,36.8,0.0
2017-01-22,31.4,0.0
2017-01-23,27.2,0.0
2017-01-24,34.4,0.0
2017-01-25,36.9,0.0
2017-01-26,39.4,0.0
2017-01-27,39.6,0.0
2017-01-28,40.6,0.0
2017-01-29,34.800000000000004,0.0
2017-01-30,29.0,14.0
2017-01-31,28.9,28.0
2017-02-01,28.8,1.2
2017-02-02,29.4,0.0
2017-02-03,36.0,2.0
2017-02-04,31.2,0.0
2017-02-05,30.9,0.0
2017-02-06,30.6,0.0
2017-02-07,30.6,0.4
2017-02-08,22.8,15.4
2017-02-09,21.1,5.2
2017-02-10,19.4,72.4
2017-02-11,19.8,43.6
2017-02-12,23.2,0.1
2017-02-13,30.6,0.0
2017-02-14,33.4,0.4
2017-02-15,31.666666666666664,0.0
2017-02-16,29.933333333333334,0.0
2017-02-17,28.2,0.0
2017-02-18,31.2,0.0
2017-02-19,33.0,0.0
2017-02-20,34.8,0.0
2017-02-21,21.8,0.4
2017-02-22,24.6,0.2
2017-02-23,30.4,0.0
2017-02-24,33.0,0.0
2017-02-25,35.4,0.0
2017-02-26,35.2,0.0
2017-02-27,33.8,0.0
2017-02-28,33.8,0.0
2017-03-01,36.4,0.0
2017-03-02,36.9,1.2
2017-03-03,37.4,0.8
2017-03-04,33.8,0.0
2017-03-05,35.4,0.0
2017-03-06,36.6,0.0
2017-03-07,35.4,0.0
2017-03-08,32.2,0.0
2017-03-09,29.0,0.0
2017-03-10,27.8,1.2
2017-03-11,26.599999999999998,0.0
2017-03-12,25.4,0.0
2017-03-13,25.4,8.8
2017-03-14,23.5,0.0
2017-03-15,23.4,1.0
2017-03-16,26.2,0.0
2017-03-17,32.4,0.0
2017-03-18,19.0,0.0
2017-03-19,21.0,0.8
2017-03-20,23.0,0.0
2017-03-21,22.0,0.0
2017-03-22,25.0,15.2
2017-03-23,24.0,1.0
2017-03-24,24.0,0.0
2017-03-25,27.6,0.0
2017-03-26,25.3,0.4
2017-03-27,23.0,0.0
2017-03-28,23.5,0.0
2017-03-29,21.5,0.0
2017-03-30,25.0,0.0
2017-03-31,26.4,0.0
2017-04-01,27.0,0.0
2017-04-02,28.5,0.0
2017-04-03,30.2,0.0
2017-04-04,28.4,0.0
2017-04-05,30.8,0.0
2017-04-06,25.5,0.0
2017-04-07,20.2,0.0
2017-04-08,22.2,0.0
2017-04-09,24.35,0.0
2017-04-10,26.5,0.0
2017-04-11,26.0,0.0
2017-04-12,25.5,0.0
2017-04-13,25.0,0.0
2017-04-14,28.6,0.0
2017-04-15,26.0,0.0
2017-04-16,23.6,0.0
2017-04-17,23.533333333333335,0.0
2017-04-18,23.466666666666665,0.0
2017-04-19,23.4,3.2
2017-04-20,25.4,0.0
2017-04-21,27.4,0.0
2017-04-22,27.2,0.0
2017-04-23,23.2,0.4
2017-04-24,24.2,0.0
2017-04-25,21.5,0.0
2017-04-26,23.2,0.0
2017-04-27,25.5,0.0
2017-04-28,24.6,0.0
2017-04-29,25.4,0.0
2017-04-30,23.5,0.0
2017-05-01,20.5,0.0
2017-05-02,23.85,0.0
2017-05-03,27.2,0.0
2017-05-04,25.5,0.0
2017-05-05,23.8,0.8
2017-05-06,24.8,0.0
2017-05-07,28.4,0.0
2017-05-08,28.5,0.0
2017-05-09,18.5,0.1
2017-05-10,19.0,0.0
2017-05-11,20.125,0.0
2017-05-12,21.25,0.0
2017-05-13,22.375,0.0
2017-05-14,23.5,0.0
2017-05-15,18.0,1.6
2017-05-16,18.8,5.0
2017-05-17,18.8,0.0
2017-05-18,22.5,0.0
2017-05-19,21.2,1.8
2017-05-20,14.6,1.6
2017-05-21,15.600000000000001,8.4
2017-05-22,16.6,0.4
2017-05-23,17.6,8.0
2017-05-24,19.6,0.8
2017-05-25,18.55,0.0
2017-05-26,17.5,0.2
2017-05-27,16.4,0.0
2017-05-28,16.4,0.0
2017-05-29,18.0,0.0
2017-05-30,22.2,0.0
2017-05-31,25.2,0.0
2017-06-01,23.4,0.0
2017-06-02,23.2,0.0
2017-06-03,22.4,0.0
2017-06-04,22.6,0.4
2017-06-05,22.5,0.0
2017-06-06,22.4,0.0
2017-06-07,20.6,0.0
2017-06-08,20.4,0.0
2017-06-09,22.0,0.0
2017-06-10,20.0,0.0
2017-06-11,21.8,0.0
2017-06-12,22.2,0.0
2017-06-13,21.2,0.0
2017-06-14,18.2,7.4
2017-06-15,18.5,0.0
2017-06-16,17.0,0.4
2017-06-17,18.6,0.0
2017-06-18,19.8,0.0
2017-06-19,21.6,0.0
2017-06-20,22.2,0.0
2017-06-21,19.8,0.0
2017-06-22,15.8,1.4
2017-06-23,16.0,18.2
2017-06-24,15.0,0.6
2017-06-25,13.4,0.0
2017-06-26,15.6,0.0
2017-06-27,15.8,0.4
2017-06-28,16.0,0.0
2017-06-29,16.2,0.0
2017-06-30,18.0,0.0
2017-07-01,10.8,10.0
2017-07-02,11.8,16.0
2017-07-03,13.0,0.2
2017-07-04,14.8,0.2
2017-07-05,10.6,1.8
2017-07-06,12.8,4.2
2017-07-07,12.9,3.6
2017-07-08,13.0,0.2
2017-07-09,14.4,0.0
2017-07-10,14.5,0.0
2017-07-11,18.8,0.0
2017-07-12,16.4,4.2
2017-07-13,16.0,7.4
2017-07-14,17.0,0.0
2017-07-15,16.8,0.2
2017-07-16,16.6,1.2
2017-07-17,15.8,0.0
2017-07-18,20.6,0.0
2017-07-19,16.4,0.8
2017-07-20,17.2,6.6
2017-07-21,18.0,1.2
2017-07-22,15.6,9.4
2017-07-23,15.2,1.0
2017-07-24,15.4,6.2
2017-07-25,16.0,1.2
2017-07-26,17.8,0.6
2017-07-27,19.0,4.2
2017-07-28,16.8,14.8
2017-07-29,14.0,7.8
2017-07-30,14.5,5.0
2017-07-31,13.2,0.0
2017-08-01,12.4,13.8
2017-08-02,11.8,0.0
2017-08-03,14.8,0.0
2017-08-04,12.4,1.2
2017-08-05,16.6,0.0
2017-08-06,17.4,0.0
2017-08-07,16.6,0.0
2017-08-08,18.0,0.0
2017-08-09,17.0,27.4
2017-08-10,16.0,4.8
2017-08-11,15.0,0.2
2017-08-12,16.2,9.0
2017-08-13,18.4,3.0
2017-08-14,15.8,9.4
2017-08-15,14.4,4.2
2017-08-16,16.8,1.8
2017-08-17,17.6,0.6
2017-08-18,18.4,0.0
2017-08-19,16.6,5.2
2017-08-20,12.6,0.2
2017-08-21,15.2,0.0
2017-08-22,17.0,0.0
2017-08-23,16.4,0.0
2017-08-24,18.0,0.0
2017-08-25,19.8,0.0
2017-08-26,18.2,0.0
2017-08-27,21.2,0.0
2017-08-28,20.8,0.0
2017-08-29,18.6,0.0
2017-08-30,20.2,0.0
2017-08-31,16.5,0.2
2017-09-01,15.0,1.4
2017-09-02,14.0,2.0
2017-09-03,13.8,0.0
2017-09-04,16.2,0.0
2017-09-05,19.2,0.0
2017-09-06,23.4,0.0
2017-09-07,22.5,0.0
2017-09-08,21.166666666666668,0.1
2017-09-09,19.833333333333332,0.0
2017-09-10,18.5,0.0
2017-09-11,19.1875,0.0
2017-09-12,19.875,0.8
2017-09-13,20.5625,0.0
2017-09-14,21.25,0.0
2017-09-15,21.9375,0.0
2017-09-16,22.625,0.0
2017-09-17,23.3125,0.0
2017-09-18,24.0,0.0
2017-09-19,25.6,0.0
2017-09-20,20.8,3.8
2017-09-21,21.5,1.4
2017-09-22,16.2,9.2
2017-09-23,15.8,7.4
2017-09-24,14.6,1.0
2017-09-25,14.0,9.2
2017-09-26,14.466666666666667,1.6
2017-09-27,14.933333333333334,0.5
2017-09-28,15.4,0.0
2017-09-29,16.6,3.4
2017-09-30,18.6,0.0
2017-10-01,22.0,0.0
2017-10-02,23.3,0.0
2017-10-03,24.6,0.0
2017-10-04,17.5,0.0
2017-10-05,19.0,0.0
2017-10-06,22.4,0.0
2017-10-07,15.2,0.0
2017-10-08,18.4,0.2
2017-10-09,23.2,0.0
2017-10-10,18.5,0.0
2017-10-11,20.0,0.0
2017-10-12,24.0,0.0
2017-10-13,30.2,0.0
2017-10-14,28.0,1.2
2017-10-15,29.5,0.0
2017-10-16,20.0,0.0
2017-10-17,19.5,1.8
2017-10-18,21.0,3.0
2017-10-19,22.5,0.1
2017-10-20,27.4,0.0
2017-10-21,29.6,0.0
2017-10-22,26.5,13.6
2017-10-23,26.5,0.0
2017-10-24,24.5,0.0
2017-10-25,22.5,0.0
2017-10-26,21.6,0.0
2017-10-27,18.4,2.6
2017-10-28,21.2,0.0
2017-10-29,21.6,0.0
2017-10-30,28.2,0.0
2017-10-31,30.6,0.0
2017-11-01,30.6,0.0
2017-11-02,30.5,0.0
2017-11-03,26.0,0.0
2017-11-04,27.8,0.0
2017-11-05,27.2,0.0
2017-11-06,29.6,0.0
2017-11-07,33.2,0.0
2017-11-08,33.6,0.0
2017-11-09,31.6,0.0
2017-11-10,33.7,5.4
2017-11-11,35.8,0.0
2017-11-12,31.5,0.0
2017-11-13,26.5,0.0
2017-11-14,26.0,0.0
2017-11-15,27.5,0.0
2017-11-16,34.0,0.0
2017-11-17,26.6,17.0
2017-11-18,25.0,4.0
2017-11-19,28.2,0.0
2017-11-20,26.2,0.0
2017-11-21,24.5,0.0
2017-11-22,27.0,0.0
2017-11-23,30.0,0.0
2017-11-24,33.4,0.0
2017-11-25,30.4,0.0
2017-11-26,30.8,0.0
2017-11-27,31.0,0.4
2017-11-28,25.4,0.0
2017-11-29,24.0,0.0
2017-11-30,22.4,0.0
2017-12-01,26.0,0.0
2017-12-02,32.2,0.0
2017-12-03,33.2,0.0
2017-12-04,22.1,2.4
2017-12-05,28.5,0.6
2017-12-06,26.5,0.0
2017-12-07,26.8,0.0
2017-12-08,32.2,0.0
2017-12-09,35.6,0.0
2017-12-10,36.7,0.0
2017-12-11,38.0,0.0
2017-12-12,31.4,0.0
2017-12-13,26.4,0.0
2017-12-14,30.0,0.0
2017-12-15,33.2,0.0
2017-12-16,33.4,0.0
2017-12-17,20.8,2.6
2017-12-18,23.8,9.0
2017-12-19,26.799999999999997,5.2
2017-12-20,29.799999999999997,0.6
2017-12-21,32.8,0.0
2017-12-22,35.8,0.0
2017-12-23,30.0,0.0
2017-12-24,33.0,0.0
2017-12-25,31.533333333333335,0.0
2017-12-26,30.066666666666666,0.0
2017-12-27,28.6,0.0
2017-12-28,28.4,0.6
2017-12-29,29.6,0.0
2017-12-30,34.0,0.0
2017-12-31,35.0,0.0
2018-01-01,34.4,0.0
2018-01-02,38.2,0.0
2018-01-03,36.900000000000006,0.0
2018-01-04,35.6,0.0
2018-01-05,31.6,0.0
2018-01-06,26.6,0.0
2018-01-07,30.0,0.0
2018-01-08,31.0,0.0
2018-01-09,34.7,0.0
2018-01-10,34.0,0.0
2018-01-11,24.5,0.0
2018-01-12,30.6,0.0
2018-01-13,35.0,0.0
2018-01-14,36.5,0.0
2018-01-15,21.0,1.0
2018-01-16,35.0,28.8
2018-01-17,27.8,2.2
2018-01-18,26.0,1.4
2018-01-19,27.6,0.2
2018-01-20,36.4,0.0
2018-01-21,33.0,0.0
2018-01-22,32.2,0.0
2018-01-23,33.0,0.0
2018-01-24,32.3,0.0
2018-01-25,33.8,0.0
2018-01-26,35.8,0.0
2018-01-27,31.4,0.0
2018-01-28,26.2,0.0
2018-01-29,27.0,0.0
2018-01-30,26.5,0.0
2018-01-31,28.0,0.0
2018-02-01,28.8,0.0
2018-02-02,29.4,0.0
2018-02-03,34.0,0.0
2018-02-04,33.7,0.0
2018-02-05,34.6,0.0
2018-02-06,35.0,0.0
2018-02-07,23.0,0.0
2018-02-08,30.0,0.1
2018-02-09,33.6,0.0
2018-02-10,30.2,0.0
2018-02-11,33.2,0.0
2018-02-12,33.3,0.0
2018-02-13,29.7,0.0
2018-02-14,32.2,0.0
2018-02-15,36.2,0.0
2018-02-16,40.5,0.0
2018-02-17,34.0,4.0
2018-02-18,35.0,0.0
2018-02-19,31.2,0.0
2018-02-20,25.8,0.0
2018-02-21,29.5,0.0
2018-02-22,33.4,0.0
2018-02-23,31.1,0.0
2018-02-24,28.8,0.0
2018-02-25,27.5,0.0
2018-02-26,25.5,11.6
2018-02-27,23.7,0.1
2018-02-28,26.7,0.0
2018-03-01,33.4,0.0
2018-03-02,28.0,0.0
2018-03-03,26.6,0.0
2018-03-04,28.8,0.0
2018-03-05,32.2,0.0
2018-03-06,35.4,1.0
2018-03-07,34.0,1.2
2018-03-08,36.3,0.0
2018-03-09,31.6,0.0
2018-03-10,25.6,0.0
2018-03-11,29.5,0.0
2018-03-12,30.8,0.0
2018-03-13,35.7,0.0
2018-03-14,29.0,0.4
2018-03-15,28.3,2.4
2018-03-16,26.2,0.0
2018-03-17,24.2,0.0
2018-03-18,25.7,0.0
2018-03-19,29.3,0.0
2018-03-20,31.0,0.0
2018-03-21,35.0,0.0
2018-03-22,31.2,0.0
2018-03-23,27.4,0.0
2018-03-24,20.4,0.0
2018-03-25,22.3,0.1
2018-03-26,27.0,1.0
2018-03-27,23.5,0.6
2018-03-28,25.8,0.1
2018-03-29,26.6,0.0
2018-03-30,34.4,0.0
2018-03-31,24.4,0.0
2018-04-01,24.4,0.0
2018-04-02,28.7,0.0
2018-04-03,33.0,0.0
2018-04-04,28.8,0.0
2018-04-05,24.8,0.0
2018-04-06,29.0,0.0
2018-04-07,26.6,0.0
2018-04-08,25.3,0.0
2018-04-09,25.0,0.0
2018-04-10,20.5,0.0
2018-04-11,21.75,0.0
2018-04-12,23.0,0.0
2018-04-13,23.4,0.2
2018-04-14,23.6,0.0
2018-04-15,24.8,0.0
2018-04-16,29.3,0.0
2018-04-17,26.0,0.0
2018-04-18,22.7,0.0
2018-04-19,19.4,0.0
2018-04-20,23.3,0.0
2018-04-21,26.6,0.0
2018-04-22,22.2,1.2
2018-04-23,21.8,7.4
2018-04-24,21.6,0.2
2018-04-25,22.6,0.0
2018-04-26,27.4,0.0
2018-04-27,24.6,0.0
2018-04-28,26.2,0.0
2018-04-29,27.45,0.0
2018-04-30,28.7,0.0
2018-05-01,19.8,0.0
2018-05-02,18.5,0.0
2018-05-03,19.2,0.1
2018-05-04,22.799999999999997,0.0
2018-05-05,26.4,0.0
2018-05-06,20.3,0.0
2018-05-07,20.5,0.4
2018-05-08,21.0,0.0
2018-05-09,21.5,0.0
2018-05-10,22.0,0.0
2018-05-11,26.2,0.0
2018-05-12,30.0,0.0
2018-05-13,25.2,0.0
2018-05-14,22.5,0.0
2018-05-15,24.5,0.0
2018-05-16,23.8,0.0
2018-05-17,23.2,0.0
2018-05-18,21.6,0.0
2018-05-19,22.1,0.0
2018-05-20,22.6,0.0
2018-05-21,23.0,0.0
2018-05-22,24.8,0.0
2018-05-23,25.4,0.0
2018-05-24,26.0,0.0
2018-05-25,15.4,17.8
2018-05-26,16.8,9.6
2018-05-27,19.8,0.5
2018-05-28,16.9,1.6
2018-05-29,18.7,0.1
2018-05-30,19.5,0.0
2018-05-31,17.95,0.0
2018-06-01,16.4,2.0
2018-06-02,17.0,0.0
2018-06-03,21.4,0.0
2018-06-04,19.8,0.0
2018-06-05,18.133333333333333,4.5
2018-06-06,16.46666666666667,5.6
2018-06-07,14.8,3.9
2018-06-08,15.0,2.2
2018-06-09,16.4,0.1
2018-06-10,17.8,37.2
2018-06-11,15.0,4.2
2018-06-12,17.0,0.3
2018-06-13,15.5,1.8
2018-06-14,17.5,0.1
2018-06-15,19.2,0.0
2018-06-16,19.4,0.0
2018-06-17,17.2,0.0
2018-06-18,15.0,12.0
2018-06-19,16.7,0.4
2018-06-20,17.5,1.4
2018-06-21,17.9,0.3
2018-06-22,17.2,0.2
2018-06-23,19.0,3.6
2018-06-24,18.6,0.1
2018-06-25,16.5,0.0
2018-06-26,16.2,0.0
2018-06-27,14.5,18.2
2018-06-28,14.7,12.4
2018-06-29,13.4,0.2
2018-06-30,16.0,0.1
2018-07-01,18.0,0.0
2018-07-02,16.0,0.0
2018-07-03,17.0,10.2
2018-07-04,16.0,0.4
2018-07-05,14.0,11.0
2018-07-06,15.6,0.0
2018-07-07,13.4,0.0
2018-07-08,16.5,0.0
2018-07-09,19.2,0.0
2018-07-10,20.0,0.0
2018-07-11,19.4,0.0
2018-07-12,19.1,0.0
2018-07-13,15.0,0.6
2018-07-14,14.8,0.1
2018-07-15,15.5,4.6
2018-07-16,15.8,5.0
2018-07-17,16.4,0.8
2018-07-18,17.0,0.1
2018-07-19,14.7,0.4
2018-07-20,18.8,0.0
2018-07-21,18.0,0.1
2018-07-22,16.9,14.8
2018-07-23,16.0,2.4
2018-07-24,17.5,0.6
2018-07-25,17.8,0.2
2018-07-26,16.0,14.4
2018-07-27,15.6,0.6
2018-07-28,14.6,0.2
2018-07-29,16.9,0.0
2018-07-30,16.1,1.0
2018-07-31,16.0,0.0
2018-08-01,13.8,9.0
2018-08-02,13.9,7.2
2018-08-03,14.8,1.0
2018-08-04,11.8,26.4
2018-08-05,11.2,1.4
2018-08-06,14.299999999999999,0.0
2018-08-07,17.4,1.2
2018-08-08,15.0,0.2
2018-08-09,12.3,12.2
2018-08-10,12.6,4.2
2018-08-11,13.8,0.2
2018-08-12,17.5,0.0
2018-08-13,20.5,0.0
2018-08-14,16.3,3.8
2018-08-15,16.5,0.2
2018-08-16,16.8,0.2
2018-08-17,14.6,0.8
2018-08-18,15.0,0.0
2018-08-19,20.0,0.0
2018-08-20,22.5,0.0
2018-08-21,18.2,0.1
2018-08-22,14.2,1.2
2018-08-23,15.1,0.1
2018-08-24,15.4,0.0
2018-08-25,18.8,0.1
2018-08-26,20.7,0.0
2018-08-27,19.0,0.0
2018-08-28,16.4,1.6
2018-08-29,12.5,7.4
2018-08-30,14.5,2.8
2018-08-31,15.2,0.2
2018-09-01,16.4,0.0
2018-09-02,17.9,0.0
2018-09-03,20.3,0.0
2018-09-04,17.2,0.0
2018-09-05,15.8,2.8
2018-09-06,14.4,0.0
2018-09-07,16.1,0.5
2018-09-08,17.8,0.6
2018-09-09,21.2,0.1
2018-09-10,19.3,0.0
2018-09-11,15.9,0.6
2018-09-12,14.5,0.0
2018-09-13,18.2,0.0
2018-09-14,15.6,0.2
2018-09-15,15.8,0.0
2018-09-16,21.8,0.0
2018-09-17,16.4,0.0
2018-09-18,17.5,0.0
2018-09-19,20.1,0.0
2018-09-20,24.3,0.0
2018-09-21,25.4,0.0
2018-09-22,27.0,0.0
2018-09-23,26.8,0.0
2018-09-24,24.7,0.0
2018-09-25,21.5,0.0
2018-09-26,19.9,0.0
2018-09-27,19.8,0.0
2018-09-28,19.4,0.0
2018-09-29,17.0,1.4
2018-09-30,17.0,0.4
2018-10-01,17.0,0.2
2018-10-02,19.6,0.4
2018-10-03,19.8,0.2
2018-10-04,21.0,17.4
2018-10-05,22.4,14.8
2018-10-06,21.4,0.1
2018-10-07,20.0,0.0
2018-10-08,21.4,0.0
2018-10-09,26.7,0.0
2018-10-10,25.2,0.0
2018-10-11,27.1,0.1
2018-10-12,20.0,0.0
2018-10-13,22.8,0.0
2018-10-14,19.4,4.8
2018-10-15,22.4,0.4
2018-10-16,27.0,0.0
2018-10-17,33.2,0.0
2018-10-18,17.5,0.5
2018-10-19,17.4,4.0
2018-10-20,19.2,0.1
2018-10-21,21.0,0.4
2018-10-22,19.8,0.2
2018-10-23,22.6,0.0
2018-10-24,23.5,0.0
2018-10-25,28.0,0.0
2018-10-26,26.2,0.0
2018-10-27,26.8,0.0
2018-10-28,30.0,0.0
2018-10-29,28.9,0.0
2018-10-30,25.2,0.0
2018-10-31,25.3,0.0
2018-11-01,23.3,0.0
2018-11-02,24.0,0.0
2018-11-03,28.2,0.8
2018-11-04,25.7,0.0
2018-11-05,19.6,0.3
2018-11-06,19.0,0.0
2018-11-07,24.5,0.0
2018-11-08,29.0,0.0
2018-11-09,32.4,0.0
2018-11-10,31.8,0.0
2018-11-11,24.2,0.0
2018-11-12,24.6,0.0
2018-11-13,29.5,0.0
2018-11-14,30.5,0.0
2018-11-15,34.8,0.0
2018-11-16,33.2,0.0
2018-11-17,33.0,0.0
2018-11-18,25.1,0.0
2018-11-19,23.4,0.0
2018-11-20,21.7,0.0
2018-11-21,25.2,0.0
2018-11-22,28.5,0.0
2018-11-23,24.0,0.5
2018-11-24,25.0,2.6
2018-11-25,22.6,0.0
2018-11-26,20.9,0.0
2018-11-27,26.2,0.0
2018-11-28,30.7,0.0
2018-11-29,26.7,0.0
2018-11-30,27.8,0.0
2018-12-01,26.0,0.0
2018-12-02,30.7,0.0
2018-12-03,37.5,0.0
2018-12-04,30.7,2.0
2018-12-05,29.0,0.0
2018-12-06,23.4,0.2
2018-12-07,27.8,0.6
2018-12-08,32.2,0.0
2018-12-09,32.9,0.0
2018-12-10,35.1,0.0
2018-12-11,34.06666666666667,0.1
2018-12-12,33.03333333333333,0.0
2018-12-13,32.0,0.0
2018-12-14,36.6,0.0
2018-12-15,33.2,0.0
2018-12-16,27.8,0.0
2018-12-17,27.0,0.2
2018-12-18,27.8,0.0
2018-12-19,29.1,0.0
2018-12-20,30.0,0.0
2018-12-21,34.2,0.0
2018-12-22,38.8,0.0
2018-12-23,38.2,0.0
2018-12-24,33.4,0.0
2018-12-25,37.6,0.0
2018-12-26,32.0,0.0
2018-12-27,30.9,0.0
2018-12-28,27.0,0.0
2018-12-29,31.2,0.0
2018-12-30,34.0,0.0
2018-12-31,36.0,0.0
2019-01-01,37.8,0.0
2019-01-02,27.0,0.0
2019-01-03,26.2,0.1
2019-01-04,27.2,0.0
2019-01-05,31.0,0.0
2019-01-06,35.4,0.0
2019-01-07,36.3,0.0
2019-01-08,29.2,0.0
2019-01-09,31.299999999999997,0.2
2019-01-10,33.4,0.0
2019-01-11,32.8,0.0
2019-01-12,39.0,0.0
2019-01-13,34.0,0.0
2019-01-14,32.2,0.0
2019-01-15,32.0,0.0
2019-01-16,31.7,0.0
2019-01-17,31.950000000000003,0.0
2019-01-18,32.2,0.0
2019-01-19,38.4,0.0
2019-01-20,42.3,0.0
2019-01-21,40.8,0.0
2019-01-22,25.1,0.0
2019-01-23,23.1,0.1
2019-01-24,22.8,0.8
2019-01-25,26.200000000000003,0.0
2019-01-26,29.6,0.0
2019-01-27,34.4,0.0
2019-01-28,39.5,0.0
2019-01-29,33.8,0.0
2019-01-30,29.4,0.0
2019-01-31,33.7,0.0
2019-02-01,40.6,0.0
2019-02-02,29.4,0.0
2019-02-03,26.5,0.0
2019-02-04,28.6,0.0
2019-02-05,33.4,0.0
2019-02-06,37.1,0.0
2019-02-07,30.8,0.0
2019-02-08,31.0,0.0
2019-02-09,32.8,0.0
2019-02-10,36.1,0.0
2019-02-11,30.0,0.0
2019-02-12,31.3,0.0
2019-02-13,32.6,0.0
2019-02-14,33.900000000000006,0.0
2019-02-15,35.2,0.0
2019-02-16,31.4,0.0
2019-02-17,27.9,0.0
2019-02-18,31.3,0.0
2019-02-19,35.2,0.0
2019-02-20,37.0,0.0
2019-02-21,32.0,0.0
2019-02-22,31.4,0.0
2019-02-23,32.6,0.0
2019-02-24,32.0,0.0
2019-02-25,33.9,0.0
2019-02-26,37.0,0.0
2019-02-27,35.5,0.0
2019-02-28,37.0,0.0
2019-03-01,25.6,0.0
2019-03-02,27.0,0.0
2019-03-03,33.0,0.0
2019-03-04,36.6,0.0
2019-03-05,26.0,0.0
2019-03-06,28.8,0.0
2019-03-07,23.0,4.2
2019-03-08,28.6,3.2
2019-03-09,24.4,1.2
2019-03-10,28.5,3.2
2019-03-11,28.5,0.0
2019-03-12,33.0,0.0
2019-03-13,30.7,0.0
2019-03-14,28.8,0.0
2019-03-15,34.8,0.0
2019-03-16,31.4,0.0
2019-03-17,32.6,0.0
2019-03-18,36.2,0.0
2019-03-19,33.4,0.0
2019-03-20,35.9,0.0
2019-03-21,31.4,13.0
2019-03-22,25.0,0.0
2019-03-23,25.4,0.0
2019-03-24,23.7,0.0
2019-03-25,24.9,0.0
2019-03-26,30.4,0.0
2019-03-27,33.2,0.0
2019-03-28,23.6,0.0
2019-03-29,23.4,0.0
2019-03-30,27.549999999999997,0.0
2019-03-31,31.7,0.0
2019-04-01,28.7,0.0
2019-04-02,25.1,0.2
2019-04-03,25.2,0.0
2019-04-04,24.6,1.6
2019-04-05,24.0,0.0
2019-04-06,26.4,0.0
2019-04-07,25.4,0.0
2019-04-08,24.4,0.0
2019-04-09,31.0,0.0
2019-04-10,35.2,0.0
2019-04-11,26.7,0.0
2019-04-12,25.0,0.0
2019-04-13,31.0,0.0
2019-04-14,24.0,1.0
2019-04-15,20.6,0.0
2019-04-16,20.8,3.2
2019-04-17,20.6,0.2
2019-04-18,26.6,0.0
2019-04-19,13.8,5.2
2019-04-20,15.4,1.0
2019-04-21,21.2,0.0
2019-04-22,24.3,0.0
2019-04-23,26.9,0.0
2019-04-24,26.4,0.0
2019-04-25,26.3,0.0
2019-04-26,25.0,0.0
2019-04-27,26.2,0.0
2019-04-28,27.3,0.0
2019-04-29,20.6,0.0
2019-04-30,19.3,0.0
2019-05-01,15.3,0.0
2019-05-02,17.3,0.0
2019-05-03,22.8,0.0
2019-05-04,23.4,0.0
2019-05-05,23.5,0.0
2019-05-06,19.3,1.2
2019-05-07,19.65,0.0
2019-05-08,20.0,0.0
2019-05-09,19.9,0.0
2019-05-10,22.0,0.0
2019-05-11,22.0,0.0
2019-05-12,24.6,0.0
2019-05-13,21.9,0.0
2019-05-14,25.2,0.0
2019-05-15,27.1,0.0
2019-05-16,14.9,2.0
2019-05-17,14.950000000000001,8.5
2019-05-18,15.0,0.0
2019-05-19,17.0,0.0
2019-05-20,20.4,0.2
2019-05-21,19.2,0.0
2019-05-22,20.7,0.0
2019-05-23,21.3,0.0
2019-05-24,20.4,0.0
2019-05-25,19.4,0.0
2019-05-26,18.2,0.0
2019-05-27,18.6,0.0
2019-05-28,19.8,0.0
2019-05-29,19.2,0.0
2019-05-30,21.0,0.0
2019-05-31,22.2,0.0
2019-06-01,23.8,0.0
2019-06-02,22.0,0.0
2019-06-03,20.7,0.0
2019-06-04,20.6,0.0
2019-06-05,21.1,0.0
2019-06-06,19.7,0.0
2019-06-07,16.0,20.0
2019-06-08,16.2,3.2
2019-06-09,14.5,12.6
2019-06-10,17.0,7.0
2019-06-11,15.0,11.0
2019-06-12,15.6,0.4
2019-06-13,16.1,0.3
2019-06-14,14.6,2.8
2019-06-15,16.4,1.8
2019-06-16,17.1,0.1
2019-06-17,15.0,0.1
2019-06-18,15.7,0.0
2019-06-19,16.1,0.0
2019-06-20,17.2,0.0
2019-06-21,21.6,0.0
2019-06-22,19.6,0.0
2019-06-23,18.2,23.6
2019-06-24,17.8,1.2
2019-06-25,17.3,0.0
2019-06-26,16.0,0.0
2019-06-27,13.8,10.0
2019-06-28,13.2,2.4
2019-06-29,14.2,0.0
2019-06-30,12.9,0.1
2019-07-01,17.1,1.3
2019-07-02,17.6,0.2
2019-07-03,18.4,0.2
2019-07-04,17.0,0.0
2019-07-05,15.8,23.0
2019-07-06,14.6,0.2
2019-07-07,16.5,0.4
2019-07-08,18.1,0.0
2019-07-09,15.6,0.0
2019-07-10,17.7,0.0
2019-07-11,16.0,0.2
2019-07-12,12.8,0.0
2019-07-13,15.4,0.2
2019-07-14,16.0,0.0
2019-07-15,17.5,0.0
2019-07-16,18.9,0.0
2019-07-17,20.1,0.0
2019-07-18,16.7,0.2
2019-07-19,17.4,0.0
2019-07-20,14.4,0.2
2019-07-21,16.5,13.2
2019-07-22,14.0,1.8
2019-07-23,14.8,0.2
2019-07-24,18.6,0.0
2019-07-25,13.0,0.4
2019-07-26,12.0,0.0
2019-07-27,17.2,0.2
2019-07-28,15.2,0.4
2019-07-29,12.5,0.0
2019-07-30,19.5,0.0
2019-07-31,19.7,0.0
2019-08-01,17.8,0.0
2019-08-02,21.0,0.0
2019-08-03,20.0,0.0
2019-08-04,17.6,0.4
2019-08-05,15.3,0.2
2019-08-06,13.0,19.4
2019-08-07,14.6,0.6
2019-08-08,15.8,0.1
2019-08-09,13.4,0.0
2019-08-10,16.2,0.2
2019-08-11,18.8,0.0
2019-08-12,19.0,0.0
2019-08-13,19.2,1.4
2019-08-14,15.6,9.8
2019-08-15,15.2,6.0
2019-08-16,15.4,0.2
2019-08-17,13.4,15.4
2019-08-18,13.9,0.0
2019-08-19,16.5,0.0
2019-08-20,19.6,0.0
2019-08-21,20.5,0.0
2019-08-22,22.5,0.0
2019-08-23,14.0,6.4
2019-08-24,14.4,0.1
2019-08-25,17.0,0.0
2019-08-26,17.7,0.0
2019-08-27,19.8,0.0
2019-08-28,26.4,0.0
2019-08-29,19.5,0.0
2019-08-30,17.4,18.8
2019-08-31,17.6,8.6
2019-09-01,16.8,0.0
2019-09-02,18.0,5.2
2019-09-03,16.5,1.2
2019-09-04,15.0,0.5
2019-09-05,14.1,0.0
2019-09-06,17.0,0.0
2019-09-07,22.0,0.0
2019-09-08,22.7,0.0
2019-09-09,27.8,0.0
2019-09-10,28.0,0.0
2019-09-11,24.1,0.0
2019-09-12,26.5,0.0
2019-09-13,27.4,0.0
2019-09-14,25.0,0.0
2019-09-15,21.2,0.0
2019-09-16,21.03333333333333,0.0
2019-09-17,20.866666666666667,0.0
2019-09-18,20.7,0.0
2019-09-19,20.549999999999997,2.6
2019-09-20,20.4,0.0
2019-09-21,16.0,0.0
2019-09-22,18.9,0.0
2019-09-23,23.3,0.0
2019-09-24,28.1,0.0
2019-09-25,22.3,0.0
2019-09-26,21.1,0.0
2019-09-27,23.05,0.0
2019-09-28,25.0,0.0
2019-09-29,28.4,0.0
2019-09-30,27.1,0.0
2019-10-01,23.4,0.0
2019-10-02,23.9,0.0
2019-10-03,24.2,0.0
2019-10-04,20.6,0.0
2019-10-05,18.4,4.4
2019-10-06,22.066666666666666,0.0
2019-10-07,25.73333333333333,0.0
2019-10-08,29.4,0.0
2019-10-09,32.0,0.0
2019-10-10,28.0,0.0
2019-10-11,24.2,0.0
2019-10-12,20.4,3.0
2019-10-13,22.0,0.0
2019-10-14,20.5,0.0
2019-10-15,20.0,0.0
2019-10-16,21.4,0.0
2019-10-17,23.3,0.0
2019-10-18,22.4,0.0
2019-10-19,30.0,0.0
2019-10-20,29.5,0.0
2019-10-21,29.4,0.0
2019-10-22,28.299999999999997,0.0
2019-10-23,27.2,0.0
2019-10-24,26.1,0.0
2019-10-25,25.0,0.0
2019-10-26,28.4,0.0
2019-10-27,28.65,0.0
2019-10-28,28.9,0.0
2019-10-29,27.4,0.0
2019-10-30,25.1,0.0
2019-10-31,15.9,3.6
2019-11-01,18.0,2.8
2019-11-02,21.2,2.2
2019-11-03,22.4,0.0
2019-11-04,29.8,0.0
2019-11-05,26.8,0.0
2019-11-06,26.6,0.0
2019-11-07,28.0,0.0
2019-11-08,29.4,0.0
2019-11-09,37.6,0.0
2019-11-10,29.4,0.0
2019-11-11,26.5,0.0
2019-11-12,27.1,0.0
2019-11-13,34.5,0.0
2019-11-14,38.0,0.0
2019-11-15,36.2,0.0
2019-11-16,41.2,0.0
2019-11-17,40.3,0.0
2019-11-18,34.9,0.0
2019-11-19,30.2,0.0
2019-11-20,20.7,0.6
2019-11-21,26.4,0.0
2019-11-22,28.0,0.0
2019-11-23,31.2,0.0
2019-11-24,30.2,0.0
2019-11-25,28.3,0.0
2019-11-26,32.8,0.0
2019-11-27,31.1,0.0
2019-11-28,25.8,0.0
2019-11-29,24.2,0.0
2019-11-30,26.0,0.0
2019-12-01,30.4,0.0
2019-12-02,33.4,0.0
2019-12-03,36.55,0.0
2019-12-04,39.7,0.1
2019-12-05,37.3,0.1
2019-12-06,41.0,0.0
2019-12-07,34.1,1.4
2019-12-08,27.2,0.0
2019-12-09,30.3,0.0
2019-12-10,33.3,0.0
2019-12-11,33.9,0.0
2019-12-12,36.2,0.0
2019-12-13,38.0,0.0
2019-12-14,40.4,0.0
2019-12-15,42.4,0.0
2019-12-16,40.0,0.0
2019-12-17,39.7,0.0
2019-12-18,40.4,0.0
2019-12-19,27.0,0.0
2019-12-20,29.2,0.0
2019-12-21,36.0,0.0
2019-12-22,30.6,0.0
2019-12-23,35.5,0.0
2019-12-24,36.6,0.0
2019-12-25,37.95,0.0
2019-12-26,39.3,0.0
2019-12-27,33.8,0.0
2019-12-28,34.4,0.0
2019-12-29,29.6,0.0
2019-12-30,28.0,0.0
2019-12-31,32.4,0.0
2020-01-01,35.0,0.0
2020-01-02,27.2,0.0
2020-01-03,22.6,0.0
2020-01-04,25.0,0.0
2020-01-05,34.0,0.0
2020-01-06,37.6,0.0
2020-01-07,38.5,0.0
2020-01-08,35.2,0.0
2020-01-09,29.3,0.0
2020-01-10,29.0,0.0
2020-01-11,33.0,0.0
2020-01-12,37.8,0.0
2020-01-13,33.9,0.0
2020-01-14,35.0,0.0
2020-01-15,29.2,0.0
2020-01-16,34.9,0.0
2020-01-17,34.6,0.4
2020-01-18,28.0,0.0
2020-01-19,29.0,0.0
2020-01-20,33.7,0.0
2020-01-21,28.7,0.0
2020-01-22,27.0,0.0
2020-01-23,31.3,0.0
2020-01-24,34.2,0.0
2020-01-25,35.8,0.0
2020-01-26,37.0,0.0
2020-01-27,40.2,0.0
2020-01-28,43.6,0.0
2020-01-29,36.0,0.0
2020-01-30,25.8,0.0
2020-01-31,24.0,0.0
2020-02-01,27.2,0.0
2020-02-02,31.0,0.0
2020-02-03,33.5,0.0
2020-02-04,35.9,0.0
2020-02-05,41.5,0.0
2020-02-06,41.7,0.0
2020-02-07,39.0,0.0
2020-02-08,40.0,0.0
2020-02-09,27.0,0.0
2020-02-10,29.4,0.0
2020-02-11,29.0,0.0
2020-02-12,32.2,0.0
2020-02-13,35.4,0.0
2020-02-14,39.0,0.0
2020-02-15,34.8,1.0
2020-02-16,30.5,0.0
2020-02-17,28.2,0.0
2020-02-18,30.0,0.0
2020-02-19,33.0,0.0
2020-02-20,33.1,0.0
2020-02-21,34.0,0.0
2020-02-22,23.6,3.4
2020-02-23,30.1,0.0
2020-02-24,26.5,0.0
2020-02-25,29.5,0.0
2020-02-26,27.0,0.1
2020-02-27,22.4,5.5
2020-02-28,24.2,10.2
2020-02-29,29.0,0.0
2020-03-01,22.8,0.0
2020-03-02,25.5,0.0
2020-03-03,28.4,0.0
2020-03-04,32.3,0.0
2020-03-05,35.0,0.0
2020-03-06,31.0,0.0
2020-03-07,30.8,0.0
2020-03-08,32.8,0.0
2020-03-09,31.3,0.2
2020-03-10,31.2,0.0
2020-03-11,34.4,0.0
2020-03-12,31.2,0.0
2020-03-13,29.2,0.0
2020-03-14,28.4,0.0
2020-03-15,27.6,7.4
2020-03-16,27.5,0.2
2020-03-17,23.3,0.0
2020-03-18,22.7,4.2
2020-03-19,23.6,0.1
2020-03-20,29.4,0.0
2020-03-21,27.0,0.0
2020-03-22,28.0,0.0
2020-03-23,29.0,0.0
2020-03-24,30.4,0.0
2020-03-25,33.95,0.0
2020-03-26,37.5,0.0
2020-03-27,31.6,0.0
2020-03-28,23.6,0.0
2020-03-29,24.575000000000003,0.0
2020-03-30,25.55,0.0
2020-03-31,26.525,0.0
2020-04-01,27.5,0.0
2020-04-02,24.9,0.0
2020-04-03,22.0,0.0
2020-04-04,21.2,0.0
2020-04-05,20.8,0.4
2020-04-06,28.6,0.4
2020-04-07,31.3,0.0
2020-04-08,34.0,0.0
2020-04-09,35.2,0.0
2020-04-10,33.8,0.0
2020-04-11,30.8,0.0
2020-04-12,27.8,0.0
2020-04-13,27.1,0.0
2020-04-14,25.8,0.0
2020-04-15,24.6,0.0
2020-04-16,25.333333333333336,0.0
2020-04-17,26.066666666666666,2.066666666666667
2020-04-18,26.8,4.133333333333334
2020-04-19,24.8,6.2
2020-04-20,22.8,0.0
2020-04-21,24.9,0.0
2020-04-22,24.474999999999998,0.0
2020-04-23,24.05,0.0
2020-04-24,23.625,0.0
2020-04-25,23.2,0.0
2020-04-26,25.0,0.0
2020-04-27,25.5,0.0
2020-04-28,19.6,0.0
2020-04-29,19.0,0.0
2020-04-30,19.0,0.0
2020-05-01,21.2,0.0
2020-05-02,25.0,0.0
2020-05-03,29.2,0.0
2020-05-04,23.9,0.0
2020-05-05,21.5,3.4
2020-05-06,13.0,6.0
2020-05-07,16.6,5.0
2020-05-08,16.4,0.2
2020-05-09,17.6,0.0
2020-05-10,22.8,0.0
2020-05-11,23.633333333333333,0.0
2020-05-12,24.46666666666667,0.0
2020-05-13,25.3,0.0
2020-05-14,25.65,0.0
2020-05-15,26.0,0.0
2020-05-16,18.8,0.0
2020-05-17,21.2,0.0
2020-05-18,16.9,0.0
2020-05-19,16.8,0.0
2020-05-20,17.5,0.0
2020-05-21,19.3,0.0
2020-05-22,22.6,0.0
2020-05-23,24.4,0.0
2020-05-24,19.6,0.0
2020-05-25,17.8,18.4
2020-05-26,16.0,9.299999999999999
2020-05-27,17.8,0.2
2020-05-28,16.0,0.4
2020-05-29,18.2,4.0
2020-05-30,13.0,8.6
2020-05-31,18.4,2.4
2020-06-01,16.3,0.2
2020-06-02,18.233333333333334,0.0
2020-06-03,20.166666666666668,0.0
2020-06-04,22.1,0.0
2020-06-05,21.4,0.0
2020-06-06,22.2,0.0
2020-06-07,22.1,0.0
2020-06-08,22.0,0.0
2020-06-09,21.7,0.0
2020-06-10,21.5,0.0
2020-06-11,18.7,0.2
2020-06-12,16.0,7.8
2020-06-13,16.6,0.6
2020-06-14,17.8,0.8
2020-06-15,19.0,2.55
2020-06-16,20.2,4.3
2020-06-17,21.4,6.05
2020-06-18,18.5,7.8
2020-06-19,15.6,3.9
2020-06-20,15.6,0.0
2020-06-21,19.0,0.0
2020-06-22,17.7,0.0
2020-06-23,17.6,4.4
2020-06-24,17.4,1.2
2020-06-25,18.299999999999997,0.0
2020-06-26,19.2,0.2
2020-06-27,18.4,0.4
2020-06-28,15.1,0.0
2020-06-29,15.4,38.0
2020-06-30,15.9,1.6
2020-07-01,13.3,0.8
2020-07-02,14.8,0.0
2020-07-03,16.2,0.0
2020-07-04,18.6,0.0
2020-07-05,19.1,0.0
2020-07-06,18.0,0.2
2020-07-07,15.3,0.4
2020-07-08,15.6,1.4
2020-07-09,14.299999999999999,0.0
2020-07-10,13.0,0.0
2020-07-11,14.2,0.0
2020-07-12,17.8,0.0
2020-07-13,18.0,0.4
2020-07-14,14.3,10.0
2020-07-15,15.2,0.6
2020-07-16,18.5,0.0
2020-07-17,13.0,9.0
2020-07-18,16.2,6.6
2020-07-19,13.0,0.0
2020-07-20,16.3,0.0
2020-07-21,16.950000000000003,0.0
2020-07-22,17.6,0.0
2020-07-23,16.9,0.0
2020-07-24,16.4,0.2
2020-07-25,19.2,0.0
2020-07-26,18.666666666666668,1.2
2020-07-27,18.133333333333333,0.0
2020-07-28,17.6,0.0
2020-07-29,17.8,0.0
2020-07-30,20.6,0.0
2020-07-31,18.2,0.0
2020-08-01,16.6,0.0
2020-08-02,16.5,0.0
2020-08-03,13.0,8.5
2020-08-04,14.45,0.4
2020-08-05,15.9,0.30000000000000004
2020-08-06,14.95,0.2
2020-08-07,14.0,0.1
2020-08-08,17.6,0.0
2020-08-09,13.3,2.0
2020-08-10,17.1,23.0
2020-08-11,17.5,5.6
2020-08-12,15.8,0.0
2020-08-13,16.6,0.0
2020-08-14,15.0,0.0
2020-08-15,18.4,0.2
2020-08-16,16.7,7.2
2020-08-17,15.0,4.9
2020-08-18,16.1,2.6
2020-08-19,17.2,0.0
2020-08-20,17.5,0.0
2020-08-21,16.2,0.0
2020-08-22,20.2,0.0
2020-08-23,16.9,0.0
2020-08-24,17.7,0.4
2020-08-25,18.5,0.0
2020-08-26,19.3,0.0
2020-08-27,24.1,0.0
2020-08-28,20.25,0.0
2020-08-29,16.4,0.0
2020-08-30,19.7,0.0
2020-08-31,23.0,1.9
2020-09-01,15.0,3.8
2020-09-02,17.1,4.0
2020-09-03,19.5,0.5
2020-09-04,21.0,0.0
2020-09-05,21.0,0.0
2020-09-06,21.0,9.4
2020-09-07,16.5,18.8
2020-09-08,18.4,0.0
2020-09-09,25.2,0.2
2020-09-10,17.8,1.0
2020-09-11,18.6,0.0
2020-09-12,19.0,0.0
2020-09-13,22.6,0.0
2020-09-14,24.4,0.0
2020-09-15,28.1,0.0
2020-09-16,18.6,0.0
2020-09-17,18.0,0.0
2020-09-18,20.6,0.0
2020-09-19,16.8,0.4
2020-09-20,18.65,1.4
2020-09-21,20.5,0.0
2020-09-22,22.6,0.0
2020-09-23,24.7,0.0
2020-09-24,26.8,0.0
2020-09-25,26.0,0.0
2020-09-26,21.4,0.0
2020-09-27,19.4,10.6
2020-09-28,20.6,0.0
2020-09-29,20.0,0.0
2020-09-30,18.4,0.8
2020-10-01,16.8,0.0
2020-10-02,15.2,0.1
2020-10-03,16.6,0.2
2020-10-04,18.5,0.0
2020-10-05,18.5,0.0
2020-10-06,21.0,0.0
2020-10-07,23.7,0.0
2020-10-08,22.0,1.3
2020-10-09,23.4,0.0
2020-10-10,25.0,0.0
2020-10-11,26.3,0.0
2020-10-12,28.4,0.0
2020-10-13,33.3,0.0
2020-10-14,32.967741935483865,0.0
2020-10-15,32.63548387096774,0.1
2020-10-16,32.30322580645161,0.2
2020-10-17,31.970967741935482,0.0
2020-10-18,31.638709677419353,0.0
2020-10-19,31.306451612903224,0.0
2020-10-20,30.974193548387095,0.0
2020-10-21,30.641935483870967,0.0
2020-10-22,30.309677419354838,0.0
2020-10-23,29.97741935483871,0.0
2020-10-24,29.64516129032258,0.0
2020-10-25,29.31290322580645,0.0
2020-10-26,28.98064516129032,0.0
2020-10-27,28.648387096774194,0.0
2020-10-28,28.31612903225806,0.0
2020-10-29,27.983870967741936,0.0
2020-10-30,27.651612903225804,0.0
2020-10-31,27.319354838709675,0.0
2020-11-01,26.987096774193546,4.8
2020-11-02,26.654838709677417,11.2
2020-11-03,26.32258064516129,4.2
2020-11-04,25.99032258064516,0.0
2020-11-05,25.65806451612903,0.0
2020-11-06,25.325806451612902,0.0
2020-11-07,24.993548387096773,0.0
2020-11-08,24.661290322580644,0.0
2020-11-09,24.329032258064515,0.0
2020-11-10,23.996774193548386,16.8
2020-11-11,23.664516129032258,0.0
2020-11-12,23.33225806451613,0.0
2020-11-13,23.0,0.6
2020-11-14,22.4,0.6
2020-11-15,20.9,2.0
2020-11-16,27.4,0.0
2020-11-17,25.4,0.0
2020-11-18,27.5,0.0
2020-11-19,29.8,0.0
2020-11-20,29.0,0.0
2020-11-21,27.6,0.0
2020-11-22,29.5,0.0
2020-11-23,35.2,0.0
2020-11-24,39.3,0.0
2020-11-25,29.0,0.0
2020-11-26,31.9,0.0
2020-11-27,24.8,0.0
2020-11-28,25.4,0.0
2020-11-29,27.3,0.0
2020-11-30,19.4,4.2
2020-12-01,23.5,0.0
2020-12-02,23.666666666666668,0.0
2020-12-03,23.833333333333332,0.0
2020-12-04,24.0,0.0
2020-12-05,26.0,0.0
2020-12-06,28.0,0.0
2020-12-07,30.0,0.0
2020-12-08,38.9,0.0
2020-12-09,32.6,0.0
2020-12-10,30.2,1.4
2020-12-11,27.6,0.0
2020-12-12,34.0,0.0
2020-12-13,24.5,0.0
2020-12-14,24.9,0.0
2020-12-15,27.0,0.0
2020-12-16,28.9,0.0
2020-12-17,28.2,0.0
2020-12-18,30.4,0.0
2020-12-19,34.0,0.0
2020-12-20,30.0,0.0
2020-12-21,29.6,0.0
2020-12-22,34.0,0.0
2020-12-23,37.4,0.0
2020-12-24,40.4,0.0
2020-12-25,41.4,0.0
2020-12-26,32.6,0.0
2020-12-27,25.4,0.0
2020-12-28,29.5,0.0
2020-12-29,35.5,0.0
2020-12-30,40.1,0.0
2020-12-31,36.4,0.0
